Symbol,Trust_Score,Verdict,Current_Price,Actual_Return_1Y,pe_ratio,debt_to_equity,revenue_growth,profit_margins,roe,free_cash_flow,dividend_yield,cash_reserves,operating_costs,net_income,analyst_target,current_price,sector,rsi,macd,macd_signal,roc,sma_50,sma_200,ema_20,price_vs_sma50,price_vs_sma200,bb_upper,bb_lower,bb_position,atr,volatility,volume_trend,volume_ratio,trend_strength
AAPL,100.0,TRUSTED,270.97,19.87977600845073,36.371815,152.411,0.079,0.26915002,1.7142199,78862254080.0,0.38,54697000960.0,0.0,112010002432.0,287.70682,270.97,Technology,17.726949762576822,0.5997148170074524,2.070792649052268,-1.7940025971793803,269.9301657104492,229.70462615966798,274.77772350596814,0.38522389949159197,17.964538090038957,285.5371192617068,269.43888171485577,0.09511100214488144,4.497144426618304,32.65152105087283,-23.035042195251915,0.6703107369597122,-0.15686930948328234
MSFT,100.0,TRUSTED,484.92,7.8419111738516705,34.48933,33.154,0.184,0.35707,0.32241002,53327376384.0,0.75,102012002304.0,0.0,104912003072.0,622.51416,484.92,Technology,46.16431102490118,-4.34231904262009,-5.70225404858724,2.3038003012097836,499.2127697753906,473.1043916320801,484.88978909436645,-2.863059042757845,2.497466099372624,494.3704312630614,470.90157191076673,0.5973209565294444,8.302860804966517,24.43216274122879,-37.21705009677371,0.7469300667706912,-0.017852947649731752
GOOGL,100.0,TRUSTED,309.78,68.00278446926846,30.580454,11.424,0.159,0.32233003,0.3545,47997751296.0,0.27,98496004096.0,0.0,124250996736.0,329.41037,309.78,Communication Services,45.135186673247375,4.343216588867961,7.170955248175607,-2.698649065100521,288.8465902709961,212.58403678894044,306.5717632756649,7.247240996911556,45.72119499586669,327.5903128728381,299.7229897394666,0.3608889519706638,7.86402726743531,32.4699770841864,-36.52418007344981,0.7261245916883523,-0.2993091931762644
AMZN,85.7,TRUSTED,228.43,17.1135587931186,32.264122,43.405,0.134,0.11063,0.24327,26080000000.0,0.0,94196998144.0,0.0,76482002944.0,295.59784,228.43,Consumer Cyclical,40.329337732780395,-1.3933617703349341,-1.311033900596687,0.9501475641165176,229.50800018310548,215.78580017089843,227.92857584084229,-0.46970367327682566,5.859603595263847,235.86671709764948,221.0952824140693,0.49654691090129277,4.409998212541852,34.563680588752035,-21.57606279101486,0.7202539629493776,-0.14844038172434065
NVDA,100.0,TRUSTED,183.69,44.24537430286081,45.467823,9.102,0.625,0.53007,1.07359,53282873344.0,0.02,60608000000.0,0.0,99198001152.0,253.01825,183.69,Technology,52.6329363193377,-1.998532085058855,-2.303043155307701,0.6300880611950366,185.65447021484374,157.89992000579835,180.5653531073782,-1.0581311460823768,16.33318271134073,187.66552752525786,172.16846753089447,0.7434658518907721,4.922844825065787,49.71624895535627,-32.86541290021622,0.5748817195217135,-0.08590380772956353
META,100.0,TRUSTED,661.5,29.65764772925685,29.24403,26.311,0.262,0.30892,0.32643002,18617749504.0,0.32,44447997952.0,0.0,58527997952.0,837.1525,661.5,Communication Services,56.21645473225297,2.6810005388161926,-0.25928217567516426,7.991111222709069,659.8492932128906,670.440090637207,650.7719594018465,0.25016421235701475,-1.3334659967470188,677.2835644522845,622.2837817391217,0.7130249671239683,20.201281916234127,38.13011226999084,-14.140400795194047,1.0078834581781675,0.2223416277432618
TSLA,57.1,CAUTION,488.73,102.76729140571162,332.4694,17.082,0.116,0.05314,0.06791,2979249920.0,0.0,41647001600.0,0.0,5079000064.0,399.151,488.73,Consumer Cyclical,69.95907576972262,14.657679160649366,10.355808326748525,16.98262540436083,441.2194012451172,352.2350501251221,457.70421347558045,10.76802371045707,38.75110123558682,497.9074015401733,405.83060199986573,0.900328958003936,17.989998953683035,64.28956796195531,10.399705625901662,0.8842042514246972,0.8064618093465749
AMD,71.4,TRUSTED,214.95,18.14334237421185,112.53927,6.366,0.356,0.10323,0.05317,3245499904.0,0.0,7242999808.0,0.0,3131000064.0,282.82092,214.95,Technology,49.727281701959626,-4.659115848033622,-4.497025527773965,-0.04650365128874503,229.74399963378906,159.17389980316162,215.21460816006726,-6.439342358942322,35.04098172756631,227.44688625885192,200.5691125814801,0.5350474536836074,8.393571036202568,60.82057699127075,-26.753259051769714,0.5132197027569825,-0.18375410812089538
NFLX,100.0,TRUSTED,93.23,42.82649991672243,38.845833,65.822,0.172,0.24047,0.42861,23363989504.0,0.0,9324392448.0,0.0,10431287296.0,126.19184,93.23,Communication Services,16.276173761149607,-4.4304614930115775,-4.309107213854484,-12.844720675865778,107.71802017211914,113.30232501983643,98.82089121386937,-13.449947178787367,-17.715719125259497,111.67692408462574,87.44607548812817,0.23870100321791682,3.3057152884347096,34.16160254192257,-27.697666209319898,0.917697026656303,-0.9135472503908443
CRM,85.7,TRUSTED,264.63,6.355598693300017,35.33111,19.385,0.086,0.17913,0.12184,14523750400.0,0.63,11322999808.0,0.0,7222000128.0,330.06265,264.63,Technology,79.3679289570109,5.3218921600633,4.103463800913278,16.857922766383567,247.32065124511718,256.5191496276855,252.92187986342697,6.998749821558647,3.1618907465189854,276.98933100441775,221.65907597800413,0.7766262578094907,6.936437782689481,31.985638973259086,-40.91233366709394,0.727656028944428,0.7995874203907891
ADBE,85.7,TRUSTED,357.53,-35.88400967140642,21.408981,57.197,0.105,0.29997,0.55426,0.0,0.0,6594999808.0,0.0,7129999872.0,430.96472,357.53,Technology,75.3578772672544,6.592236115253854,4.196028079942214,12.173308585815306,337.53179931640625,364.4870993041992,344.2273061219008,5.924834194405512,-1.9087371098135815,369.06857578388866,308.90042446025194,0.8082278289966519,10.548568725585938,30.656758100782444,-38.402321954311546,0.7451975346074659,0.7142229465443358
INTC,28.6,RISKY,36.37,9.255868153744228,606.1667,39.881,0.028,0.0037099998,0.0018600001,-4420874752.0,0.0,30934999040.0,0.0,198000000.0,38.14028,36.37,Technology,20.416647725629076,-0.2426494643436783,0.2802935588707411,1.620558819560667,38.031399993896486,27.0260999584198,37.98996396776441,-4.36849829950607,34.57361212990681,43.907528428426986,33.83047129691481,0.252010840251024,1.8657147543770927,64.0827732112652,-40.20607521167374,0.5055235943980548,-0.32954364212501325
CSCO,100.0,TRUSTED,78.11,72.66176796598516,30.158302,63.228,0.075,0.17902,0.22418,12405999616.0,2.1,15736000512.0,0.0,10328999936.0,85.43381,78.11,Technology,55.506213627361234,0.8628745445531223,1.1518130272433604,2.4527843638236595,74.62559997558594,66.68647483825684,77.35895787506891,4.669176041339106,17.130198889357466,80.10884221208487,75.18415858137216,0.5941177643843837,1.563570295061384,23.82852912337919,-12.897687190216311,0.8601384174297295,0.1129370759215772
ORCL,71.4,TRUSTED,198.38,40.65819870526829,37.289474,432.511,0.142,0.25280002,0.69026,-10208000000.0,1.01,19765999616.0,0.0,15425000448.0,290.87622,198.38,Technology,48.550723459388585,-11.852649527019281,-12.41171971954643,-0.9486688176876398,234.83359954833983,213.30268333435058,202.72138110007222,-15.52315969079351,-6.996010654093307,227.83251219014986,174.38848848123686,0.44890924628443557,10.481427873883929,61.806317136714014,-24.126449380675393,1.5729580388247844,-0.4735697350800613
QCOM,100.0,TRUSTED,174.22,-9.943989721750095,34.70518,73.767,0.1,0.12512,0.2334,6856249856.0,2.04,10154999808.0,0.0,5541000192.0,193.4,174.22,Technology,57.799731363622556,1.60920373357186,1.8246042003342466,6.088820502528251,171.39004669189453,156.99295246124268,173.9972687728122,1.651177873762978,10.973135092617191,184.3875014123717,161.91696025755016,0.5475186769372966,4.1882790773023215,38.41820177409528,-27.0395385727207,0.7365899536605317,0.38704460279560426
IBM,85.7,TRUSTED,302.79,77.10693490820069,36.08939,237.831,0.091,0.120900005,0.30156,11757500416.0,2.22,14855000064.0,0.0,7919000064.0,293.89316,302.79,Technology,51.955108589576064,0.8987901929655209,2.1473378454932344,-0.4373229625211381,300.3404193115234,267.77509254455566,304.4081974287795,0.8156042530052066,13.076240836156188,313.20678255502855,298.60121915395587,0.2867940986554732,6.285709926060268,30.181823921118557,-29.663427352453187,0.5502016788125117,-0.02075429502745102
NOW,85.7,TRUSTED,156.68,4.573241941646962,94.38554,21.255,0.218,0.13665,0.16813,3909874944.0,0.0,5410999808.0,0.0,1731000064.0,226.72382,156.68,Technology,39.70141950743268,-4.149942602793715,-3.237718815269629,-3.9762739145665664,172.02347930908203,181.76665962219238,163.1633016796552,-8.919414195624121,-13.801577802306838,177.35012817821234,150.22906951465876,0.23785661323728158,5.347429547991071,40.416608148711184,10.74569492322937,1.3487190574411956,-0.27439396960125034
INTU,100.0,TRUSTED,675.205,8.165662079847696,46.31036,0.0,0.41,0.21191,0.21987,5059874816.0,0.66,0.0,0.0,4118000128.0,803.8873,675.205,Technology,64.62676299365513,4.1886095049580945,2.0238795582969984,3.3648243591228986,658.9155981445313,678.4444528198242,661.8333470922008,2.472915176694733,-0.4767421759769165,687.0870994750594,626.6759010132218,0.8033960953463614,15.929997035435267,30.6179580284615,-43.33700990238831,0.6385815192444849,0.2901554539091054
TXN,85.7,TRUSTED,178.82,-6.469773452834075,32.571953,84.477,0.142,0.29208001,0.29757,-684249984.0,3.18,5185999872.0,0.0,5016000000.0,189.10274,178.82,Technology,56.15493264658225,2.918145081585209,3.18857025948348,10.889255497673002,168.98770477294923,179.2888269805908,174.9778736752059,5.818353805373082,-0.26148849555628756,189.12457517321468,161.862425864383,0.6220192424205627,4.407858712332589,40.164430779931656,-30.437604078119264,0.7092020974732,0.39981344313606776
AVGO,85.7,TRUSTED,341.45,103.16822431349036,71.43305,166.032,0.164,0.36198002,0.31048,25044125696.0,0.76,11105000448.0,0.0,23125999616.0,456.79883,341.45,Technology,35.83732832297335,-6.729960863631277,0.25651377405254905,-9.486891430306793,361.18158569335935,283.3344039154053,360.3771154200558,-5.463061869128641,20.51131365923972,430.32493585655266,317.16315923622074,0.21462064043316606,17.263910885248748,53.36065270986744,-36.87845319262531,1.0506714113732343,-0.8572438533559632
SNOW,57.1,CAUTION,226.84,64.16269505256543,0.0,125.912,0.287,-0.30764,-0.53093,1285029632.0,0.0,3353104896.0,0.0,-1349539968.0,283.1637,226.84,Technology,30.250186100666156,-8.257518290925589,-8.117475391659632,-6.260592921760733,247.1978012084961,208.58294998168947,230.63292939602735,-8.235431209776381,8.752894883212582,265.1226134058207,200.69038708246057,0.40584674389792774,8.981714521135602,49.437062978754945,-57.872278022905675,0.5332363882573353,-0.9075539580281665
PLTR,85.7,TRUSTED,193.98,601.8089880010931,451.11627,3.52,0.628,0.28114,0.19504,1180160000.0,0.0,6437816832.0,0.0,1095366016.0,184.65,193.98,Technology,71.53689356746139,3.6987897293473395,1.9588633336979193,19.556237736541796,180.30169982910155,147.47867504119873,182.24382302236737,7.586337739135263,31.530877717303884,198.26850149619497,159.4964994193324,0.8893916862958413,7.379573277064732,67.37770765308241,-4.763206358664619,0.4659688568866359,0.83178463948012
U,57.1,CAUTION,46.24,179.90313994373554,0.0,67.436,0.054,-0.24147,-0.12632,550342272.0,0.0,1898557952.0,0.0,-435528992.0,45.62727,46.24,Technology,56.0666799079081,1.442037581420891,1.7284856041033438,11.180575880785529,40.74480018615723,32.083649950027464,44.71442879390494,13.48687799965338,44.12325826546806,50.07933769986053,40.41266249850372,0.6028276587947378,2.3245718819754466,75.65816123248128,-35.6091504880446,0.4234272328970147,0.4490073640091902
DDOG,57.1,CAUTION,141.84,11.518198975853231,457.54837,37.199,0.284,0.033239998,0.03519,838500736.0,0.0,4140338944.0,0.0,106768000.0,212.33415,141.84,Technology,26.109637299609915,-6.721566743746678,-5.648599135080954,-10.47715592509826,160.59390014648437,133.10472537994386,149.68064521148906,-11.67784317554249,6.562705368282133,165.73831215295297,134.6356868704845,0.23163026921289995,3.83514404296875,49.27927518706635,-25.52393337668184,0.5599972981728744,-0.8255472407593109
CRWD,57.1,CAUTION,483.14,30.426803863818915,0.0,20.154,0.222,-0.06882,-0.088149995,1416660352.0,0.0,4801082880.0,0.0,-314160992.0,554.56354,483.14,Technology,31.848306625865987,-9.737570782875878,-6.250034024811678,-4.6722687213555245,515.0546014404297,457.15162475585936,500.02436299392957,-6.196350193307294,5.684851258366887,535.2199886307832,471.05001564167776,0.1884058609283246,17.149714878627233,45.682486351798104,-10.233463415588353,0.6850652491434072,-0.35447523944933873
ZS,57.1,CAUTION,232.05,18.441201596939152,0.0,92.65,0.255,-0.01449,-0.02407,956489024.0,0.0,3321272064.0,0.0,-41042000.0,326.77557,232.05,Technology,37.122249369794964,-15.774034232667816,-16.694740349701213,-17.228465132946585,284.7968002319336,268.23137466430666,247.12521628440945,-18.52085316169975,-13.488866340796287,275.4370128616432,212.707986833181,0.3083423646622651,6.014286586216518,40.4058402217082,-39.94313456219415,0.7803135608997415,-0.8617094416028096
NET,42.9,CAUTION,202.06,146.3545577541562,0.0,259.964,0.307,-0.05118,-0.08882,356207008.0,0.0,4043507968.0,0.0,-103038000.0,241.68967,202.06,Technology,50.750189661522505,-3.6327297758862187,-3.770871328324836,4.16000403985455,211.63379943847656,181.45335010528564,201.81583254606556,-4.523758447509222,11.35644364865758,211.91864297599295,189.32735616951487,0.5636085052679592,6.781786237444196,51.80898377626687,16.864888823225236,0.8383457226288258,-0.011303343859347953
OKTA,57.1,CAUTION,90.94,-2.4772117962466513,82.67273,6.137,0.116,0.06866,0.02964,962750016.0,0.0,2463000064.0,0.0,195000000.0,112.62125,90.94,Technology,73.70622320189742,1.548624411193174,0.9680240216758911,14.895768399540058,86.33650009155274,97.17409992218018,87.63105738481336,5.332046521427067,-6.415389991537221,94.59145116470472,78.02054834701403,0.7796469653180107,3.2156432015555247,46.60729942515178,-40.27211400730679,0.6311312117184534,0.746757069738247
MDB,57.1,CAUTION,439.68,76.73446505241705,0.0,2.297,0.187,-0.030580001,-0.032279998,345950880.0,0.0,2305761024.0,0.0,-70855000.0,441.98837,439.68,Technology,67.68985903985764,21.893118935753535,19.96491876408165,32.98248379835342,362.61220092773436,258.27072486877444,402.3994175944024,21.25350210248603,70.2399654080731,475.4081626475317,315.50283893938234,0.7765667262150722,13.523426600864955,69.79385204522123,-40.287939579891436,0.5862205977888215,1.4602425618135129
DOCN,85.7,TRUSTED,49.21,47.82216475412335,19.684,0.0,0.157,0.29153,0.0,183765872.0,0.0,236560992.0,0.0,251868000.0,53.75,49.21,Technology,62.71468240054999,0.8170163040425464,0.9623702197020091,8.992242350792958,44.420199966430665,34.712899913787844,46.533485839831016,10.782930112115094,41.76285820743721,50.89998192256557,42.35501838261021,0.8022246870696718,2.2288573128836497,67.58233197763326,-29.22141278406586,0.6257840534469178,0.2750804145691055
TEAM,57.1,CAUTION,164.45,-7.419920351580089,0.0,88.892,0.206,-0.03384,-0.15349,1596747904.0,0.0,2778400000.0,0.0,-184788000.0,242.9,164.45,Technology,69.50405555056719,2.1748729261114192,1.4120112008729424,12.290884516960073,157.47979949951173,185.63655029296876,159.25686187958473,4.426089867324266,-11.412921276165862,169.2006012528069,145.9563979537361,0.7956219775123623,5.1169281005859375,49.97006009631445,-42.74275291015704,0.5488215488215489,0.561433973724706
SHOP,85.7,TRUSTED,169.67,159.79177207559724,124.75735,8.912,0.315,0.16650999,0.15741,1174749952.0,0.0,6349000192.0,0.0,1780999936.0,177.02174,169.67,Technology,65.81281288053037,2.9609565725675395,1.9417224585793065,9.246024619203261,160.08580017089844,128.67554985046388,162.07672581860788,5.986913260148829,31.858770656991016,171.4348331272773,151.22316705582816,0.9126823611624486,6.8723569597516745,59.423598121159586,-23.748909523086322,0.5763946233839475,0.40871988759681427
ROKU,57.1,CAUTION,109.8,80.97907254627623,0.0,20.715,0.14,-0.0060900003,-0.010880001,665183104.0,0.0,2345765888.0,0.0,-27664000.0,115.47826,109.8,Communication Services,67.2754575754094,3.1066113506915656,2.1861978434132574,17.33276437628845,100.49689971923829,86.17039995193481,104.5726811808357,9.257104804735205,27.421948967398794,115.28012171230141,89.41537847080407,0.7881239875696386,4.977500915527344,56.16362122838725,-20.59624388227593,0.670459445473952,0.9936014189471676
SNAP,57.1,CAUTION,7.94,-51.496642682079255,0.0,186.482,0.098,-0.08603,-0.22382,508528736.0,0.0,2993377024.0,0.0,-496596992.0,9.85714,7.94,Communication Services,58.08081623000324,-0.08502804822077081,-0.10295270366305925,3.3854197225689333,7.85939998626709,8.244199993610382,7.706304136458253,1.025524481438829,-3.6898660467442683,8.082488836242096,7.246511112259491,0.8295543350810605,0.27957139696393696,58.72341792083996,-1.9551600489351038,0.7067315092953893,-0.07484938477829754
UBER,100.0,TRUSTED,81.26,10.512717732941933,10.458173,45.755,0.204,0.33542,0.72994006,6787375104.0,0.0,9086000128.0,0.0,16640000000.0,111.844,81.26,Technology,36.782583125845,-2.8518313575072796,-2.2924347247071077,-2.903572988753458,89.95560012817383,87.66825023651123,84.79759098396659,-9.666544361388706,-7.309656669310269,93.7189360531745,76.90506525908137,0.2590085846668353,2.746929713657924,38.2164503616009,-7.219941075462838,0.9754416940958927,-0.46238071607024217
LYFT,71.4,TRUSTED,19.95,47.45011377482839,53.91892,230.149,0.107,0.02402,0.24525,1003428480.0,0.0,1992523008.0,0.0,150686000.0,24.42263,19.95,Technology,32.93592645537643,-0.45629775766037994,-0.26600236758990914,0.35212075014067656,20.882800025939943,16.71187499523163,20.49949293372035,-4.466830414703951,19.37619667830063,23.270574705819346,18.169425637503405,0.34905373310799465,0.9350002833775112,59.72669516621433,10.115757614725378,0.7808825716142387,-0.4209362515859971
ABNB,85.7,TRUSTED,136.95,-6.198630136986309,32.607143,26.458,0.097,0.2203,0.30776,3233625088.0,0.0,11683999744.0,0.0,2631000064.0,140.22571,136.95,Consumer Cyclical,89.98700323761587,3.9351751646127298,2.4497617160972815,19.70106858199295,123.76519973754883,126.48380016326904,127.7156776026625,10.653073108315162,8.274733026255594,139.33076986683568,111.11422906504906,0.9156249188971192,3.337358202253069,37.69822392851626,6.483033065763736,1.0841620088419344,0.9375611705641123
DASH,42.9,CAUTION,234.89,122.81351174334777,119.2335,34.255,0.273,0.0683,0.100430004,-1816125056.0,0.0,4243000064.0,0.0,863000000.0,276.65854,234.89,Consumer Cyclical,66.53128966453207,3.060899990680639,0.321393696870906,24.888343844573885,228.75570037841797,225.63924995422363,223.4820346284901,2.6815939454548388,4.099796217768649,246.72628558396988,190.59171520948715,0.7891444413779303,8.117857796805245,44.638255423838494,-37.0343151216442,0.7350352500353848,0.9452491343769113
RBLX,42.9,CAUTION,81.98,112.82450422057823,0.0,452.128,0.48,-0.21700001,-3.42737,1013661632.0,0.0,2860499968.0,0.0,-968630016.0,140.63559,81.98,Communication Services,27.93676336213794,-5.727982634980478,-5.356179820877182,-9.494367741525753,105.69980041503906,100.29179983139038,91.25834844790923,-22.44072076292265,-18.258518149282796,101.24270859090586,81.00529250772695,0.048163799429750916,3.4807139805385043,48.91788962825696,-11.303405091494644,0.8023188853359533,-0.6055202625837949
ASML,85.7,TRUSTED,1056.98,0.8507030435695667,37.309566,14.24,0.007,0.29378,0.53852004,9320262656.0,0.7,5128200192.0,0.0,9463199744.0,1072.0645,1056.98,Technology,40.62815682917532,5.6680796131322495,14.265804321366428,7.001272765457545,1046.3245642089844,830.0225344848633,1065.9009575097125,1.0183662530967197,27.343528224175657,1162.0673579362722,990.1326176496653,0.3887949736490331,31.71144757952009,40.131337675060294,-50.970000418404204,0.42838558041097724,0.06546621279492404
TSM,100.0,TRUSTED,293.28,62.20927905629573,30.486486,20.436,0.303,0.43287,0.34657001,628505444352.0,1.15,2751035604992.0,0.0,1571930898432.0,344.57333,293.28,Technology,51.37838487848172,0.028018190812247212,0.8745879401570376,3.3135661986512104,291.84574035644533,233.19031455993652,290.5860809612297,0.49144401460162235,25.768516300841306,307.44842814546075,276.0464235391096,0.5488049395643276,8.842319714827429,41.22741621178756,-48.27699058399305,0.43096210471389684,0.020193007088889995
AMAT,85.7,TRUSTED,259.01,8.895158876334284,29.943356,34.533,-0.035,0.24669,0.35508,3653250048.0,0.71,8573000192.0,0.0,6998000128.0,259.53125,259.01,Technology,44.40511774775008,5.6988932018388425,7.957143230639046,12.169245878422126,240.5161895751953,187.48379055023193,255.18672073787627,7.6892205148825346,38.15061505076049,280.5701425011309,237.31085725472855,0.5016068200687868,8.592857360839844,45.65870963023653,-46.20618149113517,0.5413109106179773,0.21445107046854966
LRCX,100.0,TRUSTED,175.26,67.88473760809576,38.774334,43.991,0.277,0.29657,0.62261003,4278629376.0,0.59,6693045760.0,0.0,5810433024.0,166.13333,175.26,Technology,65.02512791503129,4.556094458763624,3.693575426432696,16.736612045850507,155.07390991210937,108.71900321960449,162.00502042784015,13.017073346617334,61.204563431126644,174.65918525836992,147.46654563762615,1.0220945541457365,7.300001961844308,48.73232428151242,-6.005862610404873,0.9360154907724269,0.5663868648746524
KLAC,100.0,TRUSTED,1265.66,50.344293411511764,39.83821,122.127,0.13,0.33828998,0.99167997,2757365760.0,0.6,4683591168.0,0.0,4236832000.0,1320.963,1265.66,Technology,62.898180328672474,21.02242520436539,18.433202926270663,11.34218820003067,1175.591181640625,922.6888790893555,1208.5845990326839,7.661579462799695,37.170834380146225,1276.6772583745533,1131.5147460199778,0.9241042055819826,42.624267578125,43.351511038565235,-36.37691281986158,0.5506182274049616,0.3894153793370117
NXPI,85.7,TRUSTED,228.94,-14.291838920104757,28.33416,117.34,-0.024,0.17111,0.20872,1663374976.0,1.77,3953999872.0,0.0,2060999936.0,260.66876,228.94,Technology,65.78285449413556,6.03621158414731,5.6683100881808,20.04724499162123,211.3356967163086,208.89398208618164,220.45556965564262,8.330019962850477,9.59626512694578,249.19378493870622,187.54449936305159,0.6714676851778765,6.418514699673379,46.44463177846001,-48.66886100777219,0.6110868677355222,0.9336620920444291
MRVL,100.0,TRUSTED,84.8,18.047266038208765,29.859158,33.988,0.368,0.31748,0.18040001,1953600000.0,0.28,2714500096.0,0.0,2474200064.0,116.57975,84.8,Technology,39.42484560704625,-0.9067441202194289,0.0033859251951112736,1.2053969748117077,87.6631999206543,73.70520374298096,87.02317656702347,-3.266133190994644,15.052938931511237,99.97034240238172,77.65465836055775,0.32019384562930214,4.860714503696987,68.35363493947102,-55.04666871288815,0.5004714744707437,-0.3810088536745094
MCHP,42.9,CAUTION,66.24,-24.87718182528474,0.0,80.841,-0.02,-0.04394,-0.02854,1032800000.0,2.75,236800000.0,0.0,-242900000.0,75.12,66.24,Technology,72.98602086546752,2.2364650027309025,2.0805575944159127,29.248776319550306,60.4212565612793,59.88129890441895,63.14086414639213,9.630288467418511,10.618839396754206,74.72855324391261,49.6874467408286,0.6610151640424656,2.571427481515067,59.201362864836014,-40.248135915336455,0.608332922084369,1.3281418805656624
ON,42.9,CAUTION,56.37,-24.07057971170877,77.21918,45.833,-0.12,0.051570002,0.03891,1275187456.0,0.0,2872499968.0,0.0,319100000.0,59.2,56.37,Technology,63.72823684786581,1.4809032201950174,1.428352187308518,18.949144667425045,51.269200286865235,48.56620002746582,53.587543446922815,9.949050534198237,16.068374507385048,59.29244938048303,47.778551290903685,0.7461806222478878,1.994286128452846,59.372963710047344,-28.160850103856262,0.7810943985342981,0.6558924514237167
STM,42.9,CAUTION,25.94,-36.818385882509034,44.72414,13.126,-0.02,0.045539998,0.03002,-357249984.0,1.39,4776000000.0,0.0,537000000.0,31.54615,25.94,Technology,70.34507970176115,0.46011682116607133,0.3542781521247554,17.88284794603474,25.08040729522705,25.825977554321287,25.26833983077247,3.4273495988805247,0.4415049904558249,27.971281350973815,21.978270422097477,0.6610583826689177,0.6256826077937132,54.462342728148904,-44.088577353593905,0.4950077485075469,0.822404431163899
JPM,85.7,TRUSTED,323.09,60.01508284250336,16.002476,0.0,0.088,0.347,0.16437,0.0,1.86,1411027042304.0,0.0,56660000768.0,328.86957,323.09,Financial Services,62.51440635280612,3.0639020762149585,2.3357106080301313,8.419461858352559,308.1339990234375,281.12386108398437,313.4508468449465,4.853731610874757,14.927987646473412,325.356552564703,299.38044694701574,0.9127445714853779,6.7614288330078125,24.90368543071103,-19.932447292115675,0.8863724194754425,0.24725214363674808
BAC,71.4,TRUSTED,55.88,38.404909051294815,15.267759,0.0,0.126,0.29224002,0.09871,0.0,2.0,775117012992.0,0.0,28253999104.0,59.64583,55.88,Financial Services,75.0210210906244,0.7835069966046149,0.6729252812902723,8.165595491613232,52.75932945251465,46.77136095046997,54.11860382500904,5.914919025665983,19.474823765105214,56.1276043825445,51.752299792260196,0.943408896610516,0.9757824832623615,26.761000049220918,-21.489067186453532,0.8262140973755073,0.31422903384114603
WFC,71.4,TRUSTED,94.28,62.27377110048688,15.5321245,0.0,0.075,0.26629,0.115200005,0.0,1.91,417759002624.0,0.0,19971999744.0,95.79167,94.28,Financial Services,77.07487459484989,2.1287698406446935,1.8539156683151028,11.363093197565084,86.79122604370117,78.29241571426391,90.27287038237277,8.628490547909706,20.420347129639307,95.98066430629362,83.3913358157767,0.8649121334566976,1.9142837524414062,29.16224124904927,-36.450593154542474,0.5823595787535611,0.5572994689981741
C,71.4,TRUSTED,118.09,88.13059697093341,16.585674,0.0,0.116,0.19488001,0.06995,0.0,2.03,962339012608.0,0.0,13436999680.0,118.14286,118.09,Financial Services,91.52729060419352,3.7057232196062415,3.0694856643588593,18.45721079934685,102.9554019165039,87.3162243270874,109.46595878218254,14.700146024062702,35.244047996766774,118.49975904023637,98.55224062407027,0.9794579609454748,2.4914278302873885,31.391860375626955,39.8482868191917,1.343700127916889,0.7503139113119277
GS,57.1,CAUTION,899.0,93.50737048767503,18.246397,586.142,0.207,0.29073998,0.13532,0.0,1.78,1010356977664.0,0.0,15788000256.0,813.4737,899.0,Financial Services,75.47581994760145,25.755866394285817,24.45361069549208,14.258931657032747,808.9639904785156,689.3237191772461,860.0032573921804,11.129792003254263,30.417679674945262,931.3574082337553,779.7927199400727,0.7865109043667394,21.317125592912948,31.241217383726372,-36.491973612486234,0.613714313235107,0.6742482970913436
MS,71.4,TRUSTED,179.76,79.59660205996968,18.455853,420.553,0.191,0.23606001,0.15135,0.0,2.23,570777010176.0,0.0,15562999808.0,171.04762,179.76,Financial Services,71.06200207828195,3.4599964922364563,3.6735415863131977,10.397342311244996,166.69171783447266,141.45819080352783,173.95865643578645,7.839787628405315,27.07641281550513,184.3603103158187,163.78068852451332,0.7764625678919744,3.6464266095842635,30.709681938246288,-22.971725759402855,0.7350461911023668,0.38801575955510254
USB,71.4,TRUSTED,54.87,38.26424815630414,12.556065,0.0,0.072,0.27632,0.1172,0.0,3.72,70327001088.0,0.0,6809999872.0,57.5,54.87,Financial Services,91.7874090477697,1.705656081154956,1.5137814742135793,14.910992527507364,48.859599914550785,45.13202222824097,52.02242755268187,12.30136764902988,21.576646077140193,56.095210297075134,47.371789519819394,0.8595492070742686,0.8221424647739956,27.119504289958364,-21.158029960839567,0.7611671623226506,0.6914703289364281
PNC,71.4,TRUSTED,212.9,33.550621755483526,13.75323,0.0,0.108,0.29937,0.11486,0.0,3.19,12455999488.0,0.0,6159000064.0,225.7381,212.9,Financial Services,88.17275313151089,6.367543712996081,5.6299646432044534,12.93230907675344,190.63219970703125,182.93209785461426,202.9630369175429,11.681024624210853,16.38197800895892,218.90252792782013,184.58847091251192,0.8250706983246574,3.7792870657784596,25.198595354261126,-33.27995729917267,0.6153111709859189,0.6821777741293619
TFC,57.1,CAUTION,50.56,34.52362450514055,13.55496,0.0,0.025,0.28605,0.07982,0.0,4.11,47247998976.0,0.0,4913999872.0,51.08421,50.56,Financial Services,91.80319026691869,1.4055222032899692,1.286981164768799,11.120882139101134,45.541806030273435,42.27883449554443,48.439325492712086,11.01887645756031,19.587027354359304,51.5763848889427,44.928615416233086,0.8471090912787914,0.8092861175537109,28.593954338778225,-13.0083712964806,0.838302256791854,0.5629690943718796
BK,71.4,TRUSTED,117.26,97.66903397033609,16.920635,0.0,0.1,0.26568002,0.121520005,0.0,1.81,176476995584.0,0.0,5008999936.0,119.03333,117.26,Financial Services,66.79636302644411,1.7665028667590121,1.8331682943786596,8.503749854129392,110.4455517578125,96.84319381713867,114.1827537504859,6.169963633629043,21.082336831686117,119.8527503996773,108.39924697581098,0.7736283678892366,2.0564280918666293,23.760142429738533,-0.3602432174622038,0.9632885442156011,0.323623320741326
STT,71.4,TRUSTED,130.87,77.98706087655248,13.89278,0.0,0.094,0.21877001,0.111499995,0.0,2.57,139566006272.0,0.0,2756999936.0,130.66667,130.87,Financial Services,80.68357144070666,3.263016741551752,2.8979604084946193,13.70112671774892,119.07880020141602,105.06661010742188,124.8148677819655,9.902010177989071,24.559072557288943,133.93700332070557,113.86399689291748,0.8472073321676291,2.815000261579241,28.132563626671153,21.741601992494424,1.263594478525644,0.641692455956808
SCHW,85.7,TRUSTED,101.41,35.93029150538678,23.749416,99.789,0.266,0.35930002,0.17046,0.0,1.06,83681001472.0,0.0,7767000064.0,112.78947,101.41,Financial Services,80.05149104577194,1.4410483654423132,0.7913332718597166,12.03049869962309,94.23449722290039,89.43771236419678,95.83435287458059,7.614521911478117,13.386177912467797,100.31223682778277,89.35676417929731,1.100202599152887,2.0585708618164062,24.987957664264744,-5.960446254125971,0.9690157366581267,0.4566960008559889
BLK,85.7,TRUSTED,1088.21,36.09666989251794,28.010553,24.32,0.252,0.26638,0.120740004,6554749952.0,1.92,12597999616.0,0.0,6096000000.0,1319.3334,1088.21,Financial Services,66.37521344812872,2.62788393832966,-0.055999209261053215,7.260178499935178,1079.7752661132813,1034.5876794433593,1067.8731469631036,0.7811528091933341,5.182961537198196,1109.2688349397292,1014.5845403044116,0.7775885210600262,21.111865602297858,27.774862686435004,-11.914596856391825,0.8160454384096557,0.2726507169497256
TROW,100.0,TRUSTED,104.8,-3.6982178869750095,11.428572,4.09,0.06,0.28892002,0.1867,923412480.0,4.85,3634800128.0,0.0,2030599936.0,107.83333,104.8,Financial Services,64.12921994525868,0.7869512462771979,0.6709338184406936,5.609104542537885,101.90460372924805,97.17983707427979,102.91906887079293,2.841284119216628,7.841303512017128,106.28121071896636,99.33028906741059,0.7869048535632648,2.095534648056716,29.028637360533775,6.015270588115764,1.2081204403859225,0.20727501703186263
BEN,71.4,TRUSTED,24.59,14.82663454098843,27.021976,23.699,0.06,0.05985,0.03818,688124992.0,5.37,3088100096.0,0.0,471700000.0,24.81818,24.59,Financial Services,82.58258447463999,0.41047366951418596,0.2726980122008735,11.62051468974417,22.783400077819824,22.154966707229615,23.35191421540256,7.929457713060284,10.990914486744295,24.496180185772385,21.903819814227614,1.0361909431440657,0.5235716956002372,31.096772927670465,-1.2319921022232851,0.8829220521166475,0.45047949903951284
IVZ,85.7,TRUSTED,27.34,82.871566964114,18.598639,10.983,0.082,0.16691,0.06904,761225024.0,3.07,973100032.0,0.0,669200000.0,27.75,27.34,Financial Services,76.2711913720594,0.8581749960515879,0.7842341467707852,14.825706702323913,24.162171516418457,19.068541860580446,25.773692061309262,13.152082104913726,43.37750810987108,27.929819322857373,23.429180692401413,0.8689476719418978,0.8064283643450055,40.099881137449785,4.020125759543731,1.108637156138846,0.6584053596283352
NTRS,57.1,CAUTION,140.26,68.46729550561652,16.347319,0.0,0.042,0.21761,0.13432,0.0,2.28,9059399680.0,0.0,1669200000.0,134.64285,140.26,Financial Services,80.06041878254857,3.0222647193039336,2.606623382143055,9.597992723814597,129.82818176269532,117.32883434295654,135.30247557047255,8.035091150862963,19.544351814534153,143.08736683880971,126.09915202105357,0.8335686025692001,2.523438990669356,29.09120291186949,-28.07200307833807,0.5497169646212949,0.5021772971150251
V,85.7,TRUSTED,352.09,35.584564213399204,34.484818,68.807,0.115,0.50145,0.52068,20072873984.0,0.76,18997000192.0,0.0,19853000704.0,395.44458,352.09,Financial Services,74.7631132704326,3.9450952852069463,1.651528023240312,6.920743817108788,337.598857421875,343.31018753051757,339.81494160474324,4.292413495317914,2.557398273126574,355.02608846590977,318.60491128994965,0.9193850293790856,5.8457183837890625,22.62021919301459,-31.784844282488688,0.7698165240756218,0.33860490068169613
MA,71.4,TRUSTED,575.7,32.84853824997885,36.762455,239.715,0.167,0.45275003,1.8486099,16258499584.0,0.6,10648000512.0,0.0,14250000384.0,657.3667,575.7,Financial Services,68.27831513540963,5.6786039885506625,2.3654945001673915,7.037285179730585,554.5393957519532,558.7859829711914,558.2519758877803,3.815890560198047,3.026924395258473,580.410071159504,527.402917121746,0.9111429572484179,10.207872663225446,22.848124495782795,-21.601016100320162,0.8622028591871396,0.3165284549803888
AXP,85.7,TRUSTED,380.85,61.658051384431936,25.577568,185.273,0.122,0.16143999,0.33935001,0.0,0.86,53553000448.0,0.0,10410999808.0,364.095,380.85,Financial Services,67.78461990972409,6.186110819914063,5.983233733520151,7.001380591838509,360.47400146484375,312.687452545166,371.75713762894503,5.652558729858663,21.798941084309703,388.6252929315294,353.3217102422987,0.7797592698605744,7.780000959123884,31.542109903721865,-0.3206647519727853,0.9593936486143737,0.32947451547142714
PYPL,100.0,TRUSTED,59.86,0.013969886578164614,12.020081,60.239,0.073,0.14963001,0.24358,3125625088.0,0.94,10755000320.0,0.0,4917000192.0,78.48182,59.86,Financial Services,33.035707443343654,-1.1650898504994274,-1.207162238635436,-1.1558797012316067,64.44541358947754,68.13880485534668,61.33699241256657,-7.115189000625281,-12.149911144714624,63.18495877191845,59.29504191472706,0.14523670205959546,1.644071306501116,38.00810829870925,-12.429950924086343,1.114962549488484,-0.17176356591917435
COIN,85.7,TRUSTED,247.9,15.501092279876175,21.407598,48.559,0.589,0.43664002,0.26005,-1097911808.0,0.0,9769669632.0,0.0,3217709056.0,372.0793,247.9,Financial Services,40.366268493536644,-12.07591955757178,-11.69764934584347,-3.152716054902312,293.37879974365234,284.2737004852295,262.07613860731755,-15.501735601518002,-12.795311886628443,286.14185877581957,237.28313969830154,0.2172970228985823,12.830709184919085,72.62728246099309,-27.987694448038962,0.5772986273336409,-0.38275673321041864
HOOD,71.4,TRUSTED,122.37,455.2177627805334,50.9875,188.794,1.0,0.52188,0.27816,0.0,0.0,19403999232.0,0.0,2193999872.0,151.95004,122.37,Financial Services,46.81608448082995,-2.2130727572229603,-1.6403078689869879,6.436462944514918,129.07080017089845,94.6752997970581,123.78590045378715,-5.191567275823898,29.252300239755357,140.74454704315886,109.36645378081576,0.41441488675068255,6.984571184430804,75.72557641405348,-35.96946924673068,0.4421040123622074,-0.2328168211965124
SOFI,57.1,CAUTION,27.35,303.98818429918214,48.839287,31.999,0.378,0.19457,0.085930005,0.0,0.0,3268465920.0,0.0,640243968.0,26.97059,27.35,Financial Services,39.024395444384915,-0.43615346159742785,-0.3882057831025432,-0.18247896991477702,28.15940010070801,20.773850016593933,27.297483309153833,-2.8743500086776765,31.65590566805303,30.199299631395732,25.136700620374285,0.437186464161395,1.2353572845458984,64.5760874867942,-35.82689275550613,0.5674153974262701,-0.5394793016486631
AFRM,42.9,CAUTION,78.57,165.34953860329261,113.86957,241.242,0.336,0.067379996,0.076,192738256.0,0.0,1477716992.0,0.0,233102000.0,92.67083,78.57,Technology,70.44248327744745,1.275949052820394,-0.0035249627885261437,17.461504577294583,70.99509994506836,65.02377513885499,71.43235786445722,10.669609248549335,20.83272545625343,77.16058948525652,63.21891109457744,1.101093295231224,3.6902149745396207,75.31246193370515,-32.09243255021851,0.5205864063312117,0.5404202113009433
LC,57.1,CAUTION,19.94,113.71918717100537,22.404495,1.308,0.158,0.08012,0.074039996,-981582400.0,0.0,827387008.0,0.0,103843000.0,22.45455,19.94,Financial Services,62.00941576786296,0.5693288515811474,0.5578918930777362,18.690484759489003,17.844999923706055,14.010549983978272,18.929573967842682,11.739986659055539,42.32132612110126,20.81564203611687,16.99235757478401,0.7709713962130902,0.8259286880493164,58.661922658262725,15.054264187486698,1.0899477750644164,0.6436956453672281
AIG,71.4,TRUSTED,86.43,15.975476397102033,15.544964,22.48,-0.041,0.120170005,0.07688,9084624896.0,2.08,11002999808.0,0.0,3304999936.0,88.15,86.43,Financial Services,83.49317622646643,2.515369003864649,1.619860699433515,15.674403069878204,78.58926544189453,80.19801025390625,81.58129097365502,9.976852206461139,7.770753952048317,89.31241305872135,70.51983410314389,0.8466196278669834,2.131955506791436,24.551982429398507,-46.688466251247426,0.6518980202177977,0.9214276801477043
MET,42.9,CAUTION,81.35,17.30316114462337,15.32015,163.999,-0.059,0.053400002,0.12798001,-10518124544.0,2.79,29180000256.0,0.0,3633999872.0,93.6,81.35,Financial Services,75.50200003370412,1.2402180412353232,0.9274724030663692,8.192573258014162,78.41621505737305,77.65423843383789,79.947460563976,3.741296891977694,4.75925089836793,84.46989493342745,73.80810494450223,0.7073759225658067,1.403571537562779,28.028807589180115,-35.69018788579464,0.6988191660530693,0.5263984295711144
PRU,42.9,CAUTION,114.84,0.8561709384597694,15.731506,148.723,-0.083,0.04538,0.085,-9646874624.0,4.7,38292000768.0,0.0,2584000000.0,117.21429,114.84,Financial Services,76.10154667517543,2.8447998185700243,2.8759977546605295,7.136853925034776,106.4870703125,103.27052028656006,112.61642916282022,7.844075342553697,11.20307714072421,119.79178958378058,104.89321102657097,0.6676331754149981,1.9685712541852678,26.57546844478984,-18.564044860811574,0.8385976353536377,0.5013200099006002
AMP,100.0,TRUSTED,495.92,14.956406240494172,13.642917,54.222,0.073,0.19586,0.59589,2814249984.0,1.29,9731999744.0,0.0,3625999872.0,538.6,495.92,Financial Services,80.66137267542962,8.118265559903364,6.477292626528806,11.180366999115911,468.65484497070315,490.7955665588379,480.17187714295187,5.817750258985511,1.0441102605767225,510.76069078734344,441.6263087243753,0.7853357921664498,9.707138061523438,28.619566791605223,-31.219861612648337,0.8799683158498601,0.5529076606808461
ALL,85.7,TRUSTED,208.28,32.28698494808231,6.7513776,29.43,0.038,0.12533,0.34469002,6504249856.0,1.92,9674000384.0,0.0,8261000192.0,236.04762,208.28,Financial Services,48.93110925633288,0.6099407668146739,0.8090039142635059,-1.4632199704155147,202.76062896728516,200.3689168548584,206.68969312511285,2.722111210703658,3.9482580674771164,215.23873503126205,199.75028321824968,0.5507145364833104,4.015000479561942,26.25874127375141,-19.284846380836658,0.8856542081569398,-0.11508140715428025
TRV,85.7,TRUSTED,291.64,43.06703579460627,11.481891,29.318,0.048,0.121350005,0.19809,14582375424.0,1.51,7390000128.0,0.0,5831000064.0,297.09525,291.64,Financial Services,57.369178459958455,2.8107410023744706,2.1809125999610752,0.6717588646086905,279.55927978515626,267.4561851501465,286.8848658095372,4.321349973631849,9.042164975438691,298.15523516570073,276.02039349640864,0.7056576859864387,4.254492994098192,22.330567042261357,-26.806507370979794,0.8706572042840118,0.023460600211919015
PGR,100.0,TRUSTED,227.36,9.571277716628131,12.485448,19.455,0.142,0.12579,0.34223998,15078200320.0,6.11,1688000000.0,0.0,10712999936.0,255.13,227.36,Financial Services,48.31650634791786,0.9529866474804294,1.3119363813651626,1.0129726145143025,222.77600006103515,251.39964508056642,226.9896752366349,2.0576725266907165,-9.562322358295626,234.94252638591726,220.32947373615306,0.48111281350320373,5.082856314522879,24.498471150072685,-6.876884303928456,0.9494716597236146,0.03589697622707964
CB,85.7,TRUSTED,310.95,22.103306931488014,12.988722,30.958,0.091,0.16442,0.1364,12573875200.0,1.25,6621000192.0,0.0,9674999808.0,311.08698,310.95,Financial Services,73.84760087916445,5.766936255933615,5.116581533101708,5.118155158173307,291.12219970703126,284.598738861084,303.40493772402243,6.810821201527596,9.2590970189821,316.7624815041011,287.16651935039107,0.8036060031810375,4.8935699462890625,20.323692523792566,-33.20550390120955,0.7693959227961449,0.3562661767186956
HIG,100.0,TRUSTED,139.55,41.19466055297282,11.419804,23.675,0.07,0.12745,0.20069,5641750016.0,1.72,4369999872.0,0.0,3536999936.0,143.6,139.55,Financial Services,62.64921550444621,2.0685344572603697,1.5662120972978983,2.5788421658191476,130.6936213684082,126.26995216369629,135.34288975106946,6.7764452393469385,10.517190084023532,141.91815211749045,128.4866208317283,0.8236873357661796,2.347855704171317,21.226493021093795,-45.52410354362625,0.618605556768961,0.13980796050130126
AFL,100.0,TRUSTED,110.05,22.827720788650012,14.442258,50.003,0.607,0.23552,0.1558,6489999872.0,2.22,9130000384.0,0.0,4168999936.0,110.84615,110.05,Financial Services,55.910863172026716,0.04401864305945935,-0.07692001997693713,-0.29896195857165403,109.57076416015624,105.83031471252441,109.88563471606227,0.43737843326626735,3.987220817301438,111.94180551225679,107.39219412153227,0.5841837251515867,1.6607131958007812,20.973046494297222,-26.44156351814268,0.9431616662152832,-0.003126282985774532
LNC,100.0,TRUSTED,46.14,54.399806274604224,4.0017347,74.359,0.094,0.11451,0.2168,18500999168.0,3.9,45809000448.0,0.0,2019000064.0,45.83333,46.14,Financial Services,83.33337408868985,1.4284223490435437,1.198276365419499,14.377786849583007,41.470200042724606,36.83685782432556,43.938197808292664,11.260614470421599,25.254981327911903,47.71337412842554,39.21162549010474,0.8149351614930991,1.2157143184116908,38.55164245141615,-20.233288729483913,0.7507159545418642,0.7866950010030216
JNJ,100.0,TRUSTED,207.32,44.966878077442644,20.030918,57.766,0.068,0.27259,0.33619,12008999936.0,2.51,18562000896.0,0.0,25119000576.0,209.29333,207.32,Healthcare,53.11681335564748,3.3766320371442475,3.8980399673791823,1.2551928323412698,197.32900329589845,170.63420204162597,205.53923193701849,5.063119896946224,21.499678753526407,213.63153445899155,199.55946285546156,0.5514855728001306,3.949285234723772,19.620543427606744,-18.531906460562823,0.8686624795419893,0.11470972330025582
UNH,85.7,TRUSTED,325.16,-33.4540013596694,16.953075,75.734,0.122,0.04042,0.17476,17768749056.0,2.72,30613999616.0,0.0,17589000192.0,392.24,325.16,Healthcare,52.183518855141905,0.02186812846906605,-0.03680368750009364,2.6002888064950263,334.9669696044922,349.39877128601074,329.6060896296163,-2.9277411901126436,-6.937279010652274,342.22839696783666,315.64497034173365,0.3579310317742351,8.684677102283286,47.51756226324663,15.188837601209693,0.6785134110957577,0.1475684860750759
PFE,71.4,TRUSTED,25.21,-2.8560675248535636,14.656976,66.531,-0.059,0.15654999,0.105979994,14302749696.0,6.82,14986000384.0,0.0,9797000192.0,28.62292,25.21,Healthcare,50.707540910156226,0.07890347805007991,0.18575988231548676,-0.03965197919946262,24.91778591156006,23.87365641593933,25.404343764645915,1.1727092204329062,5.597561786308999,26.284289151566977,24.82371103153849,0.26447613286623234,0.5964290073939732,26.110780748136346,-25.775647921606925,0.7415900954036547,-0.03736723785157392
LLY,85.7,TRUSTED,1076.48,16.45184936875374,52.639606,178.516,0.539,0.30986,0.9647,1397924992.0,0.58,9913499648.0,0.0,18412099584.0,1093.2229,1076.48,Healthcare,57.62967680422902,24.116664148064274,25.04905476073933,0.5905608588632208,959.9391552734374,816.7194561767578,1034.0011058583816,12.140438751257735,31.805355232748823,1116.3921234143377,973.1768707262873,0.721313601753552,29.215009416852677,40.49575766684511,-29.1508775017462,0.6466842797186115,-0.12323367594933442
ABBV,71.4,TRUSTED,227.91,41.21994597711615,172.65909,0.0,0.091,0.04004,1.37961,20799000576.0,3.04,5671000064.0,0.0,2348000000.0,244.68036,227.91,Healthcare,55.47989663692065,-0.4011549765743041,-0.4447461617495853,-0.6971334072681993,226.55923248291015,203.54914894104004,225.99034262162832,0.5962110501504808,11.96804548081195,231.45113446750935,220.82386705836956,0.6667882091350701,4.494998386928013,25.953569024150948,-20.811661968635402,0.7640131092054784,-0.09800736182527718
MRK,85.7,TRUSTED,104.72,-14.507699275052019,13.851852,79.708,0.037,0.29632,0.39485002,14527875072.0,3.25,18214000640.0,0.0,19033999360.0,110.03962,104.72,Healthcare,61.84211153896295,2.3075196965528875,2.362271013175308,5.194263045206481,92.6394921875,83.7409228515625,98.87150032223161,13.040344617555203,25.052361085544426,105.24114400041351,95.38254221784821,0.9471382665407972,2.5631950260285286,30.409671133452278,3.5347514644402036,1.174418212139966,-0.09899704405584767
TMO,57.1,CAUTION,575.7,6.604640628162836,33.219852,69.75,0.049,0.15022,0.13116999,4696750080.0,0.3,3545999872.0,0.0,6569999872.0,635.83307,575.7,Healthcare,47.008695172204426,0.03225509549861272,1.6848087945054482,-1.6955471187152917,568.1547326660157,482.4991688537598,572.1958520703223,1.3280325072027535,19.316270238285036,596.3313386777164,556.3316862246273,0.4842123567228181,11.538121193228951,32.32908709907851,-42.12112689660266,0.44933184658760095,-0.22768833311688522
DHR,57.1,CAUTION,228.01,-6.762170165743102,46.915634,35.544,0.044,0.14435,0.06843,4013874944.0,0.56,1528000000.0,0.0,3503000064.0,258.0909,228.01,Healthcare,51.98545635776574,1.6540151593517294,2.346728018742113,0.45378394514257503,220.31159942626954,203.5592719268799,225.3055450104335,3.494321270697678,12.01159856218141,231.95137149524393,221.5936281995803,0.6194753165915887,4.495714460100446,32.89565201630186,-34.68686357698095,0.609525387376052,-0.049955726844522805
BMY,71.4,TRUSTED,54.66,42.37859526349018,18.40404,274.414,0.028,0.12572,0.33777002,14718374912.0,4.61,16501999616.0,0.0,6039000064.0,54.5,54.66,Healthcare,78.23789807729085,1.8557057911296582,1.6774705116464317,14.447239883523933,47.827600173950195,47.945948429107666,51.662009991420405,14.285474597538458,14.003375964565103,55.783924959613856,47.130074979350994,0.870124266683023,1.4264286586216517,28.99791093634198,34.80320125692417,1.712887153799618,0.655631773915513
AMGN,85.7,TRUSTED,331.39,6.8365065061726416,25.649382,567.491,0.124,0.19474001,0.8171,11408624640.0,2.91,9445000192.0,0.0,7005000192.0,325.8837,331.39,Healthcare,44.269058557016834,1.0854289922185671,1.974487606098716,-0.8704676191413414,317.7998681640625,293.500447845459,326.67469973050385,4.276322253651521,12.909543096482437,350.7457258547817,309.6132768307652,0.5294296433688461,7.1364288330078125,27.57702843461286,-27.892041911221778,0.8573813289730182,-0.3274748475201296
GILD,85.7,TRUSTED,124.16,85.66055441819287,19.219814,116.243,0.03,0.27882,0.40706003,8028000256.0,2.55,8489999872.0,0.0,8110000128.0,132.37846,124.16,Healthcare,52.642767563761836,0.11183982139669979,-0.028359479195360138,-0.2314541492849223,121.58119064331055,111.90733955383301,121.97817840781079,2.121062481090872,10.948937001922221,127.19489210066877,117.48707964005388,0.6873766926511925,2.8708310847657685,27.87907610153701,-14.299636703696796,0.8330304162769769,-0.1704879543110659
REGN,85.7,TRUSTED,779.36,-27.454950832666537,18.689688,8.739,0.009,0.32131,0.15188,3511000064.0,0.45,8443599872.0,0.0,4577999872.0,789.8977,779.36,Healthcare,61.53798884703426,20.036589093109,19.95346028912059,2.3520878399646925,681.8785607910156,599.9129782104492,737.944696775183,14.296009607262503,29.91217287487376,798.9755240592074,693.5694710579801,0.8139050068840309,19.886426653180802,41.541183750126095,-21.35054425423376,0.7471497959476434,-0.061658824532009014
VRTX,85.7,TRUSTED,460.31,-6.465772167334031,32.370605,10.594,0.11,0.31349,0.22307,2913550080.0,0.0,6287000064.0,0.0,3675099904.0,489.04166,460.31,Healthcare,64.13700446644575,7.5075260943795,7.126408427019523,8.563678669479657,431.2070013427734,440.98249908447264,445.8715814197027,6.749193803716996,4.38282664601137,469.2684041020822,420.737598705535,0.8154078328128099,11.388571602957589,33.50371932781751,-40.62551456273064,0.5756024200466642,0.32558703225658187
BIIB,71.4,TRUSTED,174.7,-26.224663112941137,15.92525,36.194,0.028,0.1598,0.09307,2137600000.0,0.0,3960399872.0,0.0,1608499968.0,180.68724,174.7,Healthcare,40.85449112561951,2.1722345881698004,3.645289677977415,-1.198965212171546,163.51380004882813,140.18915016174316,173.5296225653878,6.841133223051302,24.617345027544683,185.15433218088458,169.24367044362714,0.34293523391539144,5.19499751499721,32.5196170783481,-30.1570539465702,1.1071526178807967,-0.2932686496388222
MRNA,28.6,RISKY,34.9,-71.5844324322444,0.0,7.867,-0.454,-1.39606,-0.29317,-1984375040.0,0.0,4504000000.0,0.0,-3116000000.0,36.75,34.9,Healthcare,98.22063434933554,1.9839112754312964,1.246873606437688,44.5134661579877,26.597199935913086,27.505949897766115,29.061773547971484,31.216825868782134,26.881644355475597,34.40347039104645,21.674529486883237,1.039008047768535,1.5985716411045618,67.49060040743551,25.135041509884726,1.2143483061720899,1.814819237464053
BNTX,42.9,CAUTION,92.17,8.819366376509464,0.0,1.328,0.22,-0.18132,-0.03041,-644012480.0,0.0,14527599616.0,0.0,-571600000.0,139.27425,92.17,Healthcare,30.96618300510984,-2.572787551609295,-2.337676941374498,-4.5266238917956825,100.84539978027344,102.7509748840332,95.56418576567884,-8.60267461900145,-10.297689853580257,102.41373963782192,89.38875975182651,0.2135311103327857,2.1058578491210938,48.77443988650158,45.91573063333861,2.30224375161727,-0.4846974142954914
ALNY,57.1,CAUTION,407.73,56.20642753863715,1405.9656,1185.712,1.493,0.0135699995,0.32724997,98124000.0,0.0,2724623872.0,0.0,43565000.0,491.91876,407.73,Healthcare,26.81959585121338,-14.677427925968061,-12.372708650718533,-6.102756449239148,445.4478009033203,366.41424911499024,419.2190674727553,-8.467387164220934,11.27569737561487,482.44839148903685,369.07760948752565,0.34093794553068574,16.496425083705358,43.61267660269581,-42.42787081535913,1.0056019573426134,-0.8545047155112069
EXAS,57.1,CAUTION,101.82,127.0740402620707,0.0,101.345,0.201,-0.32011002,-0.34544998,234106624.0,0.0,1003094976.0,0.0,-986579008.0,104.5625,101.82,Healthcare,65.81628085308463,5.749867862203615,7.084262515816672,0.8018983679470872,81.35179985046386,57.98769998550415,97.73771838321079,25.160106945370366,75.58896062488654,101.89923143114271,100.8177668598729,0.9267366325043266,0.44999912806919645,48.66500367728693,-36.584745670735586,1.2050872886140007,0.0333885863098824
ILMN,71.4,TRUSTED,137.6,16.61016949152542,30.852018,108.19,0.004,0.16395001,0.31203,840000000.0,0.0,1278000000.0,0.0,703000000.0,125.27778,137.6,Healthcare,68.3863724044596,4.236546832870829,4.610968695105896,9.24103453766844,118.37960037231446,97.20050029754638,130.181882933597,16.236248197114424,41.563063649158025,137.91943259987406,124.34056724753808,0.9764762012090001,4.007859366280692,49.39159175379676,-0.3641225098786916,0.8402226868402566,0.2897084867454596
ABT,100.0,TRUSTED,125.2,23.683603838377415,15.728642,25.31,0.069,0.3188,0.3062,6067874816.0,2.01,7733000192.0,0.0,13925999616.0,144.4292,125.2,Healthcare,46.593664537644166,-0.4655852544583752,-0.6275393763421109,-1.564592699871058,126.68656677246094,129.45749481201173,125.77095367838287,-1.1734234039894256,-3.2887225802970743,130.1546626233276,121.3673359728638,0.4361577903987557,2.395000457763672,22.223107293002677,-24.28011689905865,0.766366700873742,-0.10338259957523407
SYK,71.4,TRUSTED,356.52,6.645521196560375,46.97233,78.646,0.102,0.12071,0.14036,3544375040.0,0.99,3343000064.0,0.0,2943000064.0,428.11334,356.52,Healthcare,34.89888987973471,-3.4592967192866126,-3.362051051574953,-3.7005056890116856,364.9956005859375,374.22960525512696,358.14245856439095,-2.322113351136147,-4.732286273658586,377.5423633485495,343.4766338438333,0.38288788643239796,6.405000959123884,21.781653635312225,28.77640494220805,1.5504778326298356,-0.34036423279398026
MDT,85.7,TRUSTED,97.71,30.290735625799236,26.479673,59.563,0.066,0.13706,0.09822,3947000064.0,2.91,8327000064.0,0.0,4764000256.0,110.968,97.71,Healthcare,25.22929799771643,0.04216226237301157,0.6758610265726438,-5.319765529182066,97.23939971923828,90.39043891906738,99.30330771308785,0.48395955404203544,8.097715038156824,106.01590271091251,96.01109695339412,0.16980860720877583,1.4557140895298548,22.022312456975758,-3.1404491597580435,0.8837007770919187,-0.39472859296304297
BSX,71.4,TRUSTED,96.43,25.41292855437609,51.566845,50.973,0.203,0.1443,0.12488,3065125120.0,0.0,1275000064.0,0.0,2791000064.0,125.85781,96.43,Healthcare,40.79602772394482,-1.2534325279803085,-1.4940477233628442,-1.6421874697234673,98.55439987182618,100.94540019989013,95.93197659934076,-2.155560349830409,-4.473111093495138,103.09313100969737,89.60186868512685,0.5061151029295028,2.2664282662527904,24.02625880409552,-16.55703815072355,1.09662871334845,-0.41443807426315643
EW,71.4,TRUSTED,86.53,-6.806675905204873,37.951756,6.862,0.147,0.23249,0.13492,524500000.0,0.0,3841999872.0,0.0,1342200064.0,95.80071,86.53,Healthcare,57.30337904240565,0.5625047999613457,0.5769638375975508,2.148506332775802,82.52659973144532,77.41585006713868,84.7184196772449,4.8510408291135905,11.772975048719323,87.39165377208239,82.63334546497815,0.8189156865899062,1.762143271309989,23.836767608641562,-31.3756104516451,0.5450142250887008,-0.06319276674642471
ISRG,85.7,TRUSTED,579.83,30.739571589627968,76.900536,0.0,0.229,0.28577998,0.16902,1966412544.0,0.0,4908800000.0,0.0,2746899968.0,599.60205,579.83,Healthcare,56.71362106011133,5.840165203218248,6.340043887666539,1.9965587199279877,541.5964038085938,508.35834930419924,561.0630051710859,7.059428942360954,14.059308337016455,585.3239360925189,544.6360614660749,0.8649740480888981,11.716435023716517,36.25839928628675,-14.547172421506845,0.7047640613441865,-0.11629912052234359
DXCM,85.7,TRUSTED,67.43,-40.14734794236603,37.461113,94.479,0.216,0.15958999,0.30635,783387520.0,0.0,3322099968.0,0.0,720700032.0,85.26923,67.43,Healthcare,64.00376593549294,1.0188281027760695,0.8835825441927305,8.390936019168041,64.03819999694824,74.0056001663208,65.30120171186586,5.2965266175332575,-8.885273339270224,69.06249127737972,61.549508997278494,0.7827106585186909,1.913572038922991,45.03151110790653,-26.818852575188995,0.8572055308029319,0.38778709460520516
HOLX,71.4,TRUSTED,74.91,-2.0656267589176136,30.08434,52.037,0.062,0.13796,0.11116,807699968.0,0.0,2205900032.0,0.0,565699968.0,76.5,74.91,Healthcare,53.33348403759317,0.3646615071880177,0.4826304618789309,0.20064408987785723,73.71780044555663,65.90880023956299,74.75664236460888,1.6172528335720329,13.657058526068028,75.11058340823186,74.71441735470759,0.49369779581531303,0.252143314906529,29.018100095810507,-52.01188378669136,0.5072901481352017,0.010368010464975224
ZBH,85.7,TRUSTED,89.8,-16.02579383977127,22.282879,64.523,0.097,0.100530006,0.06421,1169887488.0,1.07,1306099968.0,0.0,805299968.0,102.04167,89.8,Healthcare,32.859419105541136,-1.1353014415546738,-0.8770613591806562,-3.977752058211173,94.79259979248047,97.88031921386718,92.05806315294937,-5.266863396143191,-8.255302217041189,97.78831087832036,88.3596879314941,0.1527598598847924,2.0271432059151784,30.993729097727346,-38.99824978859806,0.7144663178702055,-0.37669110558661184
BAX,42.9,CAUTION,18.98,-44.43154728898059,0.0,134.627,0.05,-0.030940002,-0.04658,2620375040.0,2.74,1726000000.0,0.0,-344000000.0,23.66667,18.98,Healthcare,52.09579436316975,-0.060572977215223034,-0.19193188675752407,4.4556687880438135,19.6282018661499,25.895845022201538,18.900955945169457,-3.302402982880666,-26.706390442312195,19.57115638362969,18.008895419959178,0.6216017329112256,0.482142584664481,43.22736510689328,-6.9505598988286454,1.3349686287181814,0.157299769095794
CVS,57.1,CAUTION,78.36,43.53933257604894,206.21053,111.821,0.078,0.0011999999,0.0057800002,6976625152.0,3.39,11232000000.0,0.0,469000000.0,94.33333,78.36,Healthcare,52.469949746901,0.009947487075777417,0.01685557156945333,0.5904994550222716,78.93655532836914,69.58395835876465,78.26200703112652,-0.7304026830397639,12.612163002195038,81.2015959146085,75.23940445160244,0.523397508803878,2.0299998692103793,31.923790017068026,-29.035896504216442,0.6191318579692784,0.00527713415774557
CI,85.7,TRUSTED,275.6,-14.998342955112006,12.194691,81.021,0.095,0.02293,0.15538,8630625280.0,2.19,6908000256.0,0.0,6146999808.0,324.91956,275.6,Healthcare,54.48274492529661,0.01939643336726249,-1.0380699966713158,2.0916274872287413,276.16475189208984,298.64066703796385,272.1835179002997,-0.2044959701428103,-7.715178633564747,281.18866009263365,261.8920009181086,0.7103823030415535,5.27970443033861,33.42694431440283,-20.59252406564923,0.7637153555776666,0.02685268841421571
HUM,71.4,TRUSTED,257.68,-30.9972096214573,24.10477,69.686,0.111,0.01022,0.07159,1578249984.0,1.37,22123999232.0,0.0,1291000064.0,287.83334,257.68,Healthcare,60.131463912821566,2.306345700969473,1.2428324506788013,12.425827271703847,259.66580078125,257.58174713134764,256.63754690974883,-0.7647553507216298,0.03814150091291667,275.9120193483724,232.1009857175456,0.5838485157363984,10.209280831473214,44.12368006717102,-34.070039285628205,0.6308406958319314,0.5696762623898021
CNC,57.1,CAUTION,39.95,-40.59479553903345,0.0,83.51,0.215,-0.03155,-0.2186,4424000000.0,0.0,19236999168.0,0.0,-5289999872.0,40.41176,39.95,Healthcare,57.661291563052785,0.7406011876368055,0.8069975989642134,4.6633551988020026,37.06320014953613,43.35384997367859,38.7975613467324,7.788859574338332,-7.851319347199192,40.797924337438715,37.37707566256128,0.7521306391813305,1.276428495134626,58.63978276381556,-29.601445889131167,0.5445208727239775,0.12193592658499054
WMT,71.4,TRUSTED,112.6,63.688268534384754,39.370632,66.747,0.058,0.03259,0.23661,10372750336.0,0.83,10581999616.0,0.0,22909999104.0,121.0,112.6,Consumer Defensive,51.29822569198013,2.3974329683024393,2.7672473432150024,8.427382369676463,107.48297561645508,98.91477005004883,112.55699755547326,4.7607752095789815,13.835374046917181,119.67787392230024,106.2908722630025,0.4712874750961645,2.176705372780891,25.26203343205064,-6.818632261676888,1.1430825954166883,0.3711931617977691
HD,57.1,CAUTION,346.39,1.4904890227966914,23.644371,544.586,0.028,0.087740004,1.62909,9733999616.0,2.66,1684000000.0,0.0,14581999616.0,399.33334,346.39,Consumer Cyclical,45.501890619874615,-2.9605799335542997,-3.4552716410745443,3.580248468312889,363.46290893554686,369.29749755859376,353.13817806392996,-4.697286536639949,-6.202988934827997,363.3111310638966,340.2330339751659,0.26678892326344095,7.980483864586977,23.197759318870943,-32.72360606839016,0.9576756220730109,0.06053037027247152
COST,71.4,TRUSTED,850.0,1.2046907455597773,45.454544,26.737,0.083,0.02961,0.30325,7240249856.0,0.61,17183000576.0,0.0,8302000128.0,1031.5,850.0,Consumer Defensive,13.617518737837969,-15.670610937379138,-12.411466351127832,-4.076196826188388,908.3694775390625,950.3728329467773,880.2293242957714,-6.42574183549143,-10.561416474369945,931.1969431526167,840.3250661247272,0.10646785553140364,16.010716029575892,21.71448333335778,-25.587396830138786,1.0056905229023745,-0.3623273055679092
TGT,71.4,TRUSTED,95.2,-33.354171947623165,11.539393,132.062,-0.016,0.03576,0.25094998,2597125120.0,4.79,3822000128.0,0.0,3763000064.0,97.21212,95.2,Consumer Defensive,69.02651934108589,2.1183801452719706,1.7890545948843453,12.609410831881048,91.56788131713867,94.49469841003418,94.50258276208716,3.9665825820780425,0.7463895330376739,101.63531378551036,85.31668664173574,0.6056459418693699,2.443570818219866,34.067330808276516,49.33093475595705,1.4729070793805863,0.6841045365105599
LOW,57.1,CAUTION,242.07,8.45205605875551,20.038908,0.0,0.032,0.08045,0.0,4762250240.0,1.98,621000000.0,0.0,6760999936.0,273.21875,242.07,Consumer Cyclical,48.34737173670738,1.8317638130542377,2.278704435497731,5.8183306246691995,239.46042572021486,234.0525283050537,243.39882017634335,1.0897757306474194,3.425504128165377,253.66935233115098,234.78864937783342,0.38565078664647445,4.886427743094308,24.171918843084594,-43.88334826190302,0.6416730025692977,0.15695252725230144
TJX,71.4,TRUSTED,156.58,40.040131376666935,34.56512,140.977,0.075,0.086789995,0.58396,3411375104.0,1.09,4640000000.0,0.0,5119000064.0,160.38889,156.58,Consumer Cyclical,76.92933114515867,2.4368019891378765,2.557081168823321,5.18608168013556,147.73150512695312,133.22343517303466,153.22643335568597,5.989580013076835,17.531875399912792,158.31302385364876,148.6269785877575,0.8210805364809942,1.9242847987583704,18.120926860796267,-35.60947384520697,0.666078798705928,0.2150649949783141
ROST,85.7,TRUSTED,180.68,21.726894027787065,28.231249,88.181,0.104,0.0947,0.37425,1508112000.0,0.9,4061172992.0,0.0,2085963008.0,184.5625,180.68,Consumer Cyclical,60.444967803157446,4.6249662422387985,5.113228727309064,3.997919522368428,167.2977734375,146.1320781326294,177.9705424584583,7.999042045398552,23.641567946358894,185.52049899442417,173.0810070480563,0.6108758830736433,2.791148301067364,26.109133280691267,-8.016970403756048,0.9860989695217945,0.25370069271797274
DG,57.1,CAUTION,137.52,7.945856219524429,23.751297,201.663,0.046,0.03033,0.16450001,1971688448.0,1.72,1240622976.0,0.0,1277228032.0,131.89285,137.52,Consumer Defensive,80.4699370706673,8.5784309545148,7.584159334485094,35.23453729062493,110.67059951782227,103.35898445129395,125.68161187982022,24.260648150112235,33.05084700911003,148.7600177136981,98.10597883781557,0.7781023252898247,5.2457155500139505,38.314533796466314,-35.94214904145332,0.8745760570830935,1.6337986101907236
DLTR,71.4,TRUSTED,122.49,14.766228939730066,23.198862,221.055,0.094,-0.15397,0.20066999,1654437504.0,0.0,594800000.0,0.0,1113799936.0,117.22727,122.49,Consumer Defensive,67.55069896429896,6.179947737407559,6.302630447675798,22.18453652246337,108.26599975585937,97.0205500793457,120.52177915661906,13.138010215566645,26.251601092340042,138.48160902804807,100.37539017849492,0.5803411714131258,5.062141963413784,43.20651268620906,5.695010497715203,0.9838827083625935,1.2038976435397082
BBY,71.4,TRUSTED,71.3,-10.862860886129898,23.531355,154.542,0.024,0.015420001,0.22493,1144249984.0,5.33,1084999936.0,0.0,645000000.0,83.57143,71.3,Consumer Cyclical,36.53759859675704,-1.2608587837603835,-1.1604371986620412,-4.467669404587772,76.42734756469727,70.39687675476074,73.27856386051677,-6.708782492548311,1.2829067689228084,78.85637676160586,68.70996616441953,0.2552663193086746,1.8517413668588918,43.38293335389802,-25.077062074829932,1.075605475988054,-0.45710318519423176
PG,85.7,TRUSTED,142.69,-10.470562509454304,20.830658,67.125,0.03,0.19739,0.31902,12200999936.0,2.96,11171000320.0,0.0,16472999936.0,168.95454,142.69,Consumer Defensive,43.34314056599119,-0.9244861411006866,-1.1976619793593892,-2.918759974714718,147.0314779663086,155.3972402191162,144.7423716123999,-2.9527524207416045,-8.177260908747323,150.8492012634506,138.44180215451814,0.34239249093145574,2.565000261579241,19.004432795714354,-1.9196505181001369,1.4094144864204088,-0.14882630817062031
KO,100.0,TRUSTED,70.21,16.210694654693135,23.248344,144.771,0.051,0.2734,0.42442,1412875008.0,2.91,15781000192.0,0.0,13031000064.0,79.6087,70.21,Consumer Defensive,46.22951475787923,0.04929554982315665,0.18042658475192594,-2.5993331607422996,69.86118286132813,68.94022060394288,70.42408858706195,0.4992990511439117,1.8418543912479997,72.66307819804996,68.92381297626645,0.34396760644668545,0.9314280918666294,17.568553041972258,-32.048380928097906,0.7657545820824765,-0.1579049235178489
PEP,57.1,CAUTION,147.05,-5.213264697617515,27.956274,260.19,0.027,0.078200005,0.37162,7137500160.0,3.87,8661000192.0,0.0,7223000064.0,155.90909,147.05,Consumer Defensive,49.61907379812214,0.9759144825850399,1.0182385438611798,2.05381163544907,146.88708679199217,139.4965661621094,147.76239130306857,0.11091258144178756,5.414783386761329,151.98128442952785,143.10936498453466,0.44416973031095597,2.372315712318563,22.68920156587356,4.832848946240534,1.0707359200034678,0.1602444334889975
MDLZ,71.4,TRUSTED,54.31,-13.789198023836304,20.340824,83.621,0.059,0.0938,0.13101,1953750016.0,3.68,1367000064.0,0.0,3531000064.0,68.41304,54.31,Consumer Defensive,31.818129274000043,-0.8583668384046348,-0.9606720215386915,-3.3457862597710464,57.23319984436035,62.78919816970825,55.02936437548256,-5.107522345454498,-13.504228503602553,57.559130222195016,52.72686945737042,0.32761723610709603,1.015713827950614,22.267333114468162,-29.789999228452746,0.9792945457127834,-0.3073620911037197
CL,71.4,TRUSTED,79.04,-16.355554242210573,22.140057,680.048,0.019,0.1447,2.93635,2739249920.0,2.63,1472000000.0,0.0,2908000000.0,87.31579,79.04,Consumer Defensive,50.87580014408365,0.019622836136818478,-0.04345709554560961,-0.17681155482300007,78.2403643798828,84.86314041137695,78.49598844316287,1.022025577184225,-6.861800621119767,80.87659308871623,76.29740746060018,0.598926026952855,1.4471424647739954,21.23598053546078,-18.863927170515808,0.9439427645805516,-0.07361213474206289
KMB,57.1,CAUTION,99.78,-25.073599990100227,16.88325,500.068,0.001,0.09983,1.3688201,1400875008.0,5.05,617000000.0,0.0,1971000064.0,127.4,99.78,Consumer Defensive,20.230906958078663,-1.6528594508977648,-1.615061500687316,-3.844036102993567,107.4772410583496,123.95794288635254,103.12636029887715,-7.161741595947632,-19.504957523555028,107.82242204294533,99.41797788991599,0.04307493544952615,1.5234548280127171,24.52307866606284,-20.870941807361728,1.55705816570426,-0.27554520590512743
GIS,85.7,TRUSTED,47.4,-20.872575216780717,10.193548,147.23,-0.072,0.1351,0.27173,2478249984.0,5.15,683400000.0,0.0,2526299904.0,52.57895,47.4,Consumer Defensive,63.738333083773625,0.15602770249673625,-0.07129029719625635,0.9584680631031356,47.201200256347654,50.90843391418457,47.125411606184294,0.4211784201494263,-6.89165255843416,48.609547371805725,45.0324524450888,0.6618636433456503,0.8628572736467633,23.037681853693975,2.2261068224309852,1.3055680413568596,0.12336224885080352
K,85.7,TRUSTED,83.44,50.90083859112826,22.797813,145.099,0.008,0.10079,0.32112,504000000.0,0.0278,246000000.0,0.0,1276999936.0,83.41667,83.44,Consumer Defensive,94.1241984475194,0.2878598151425251,0.28760518335866714,0.8433233245933588,82.65304901123046,80.34924018859863,83.02943453334196,0.9521166364580913,3.846660211786537,83.48272688260806,82.53700730928648,0.9548233510154023,0.1410396339055018,7.29523193178536,794.1812167167395,14.10906421685932,0.045891444818878115
CAG,42.9,CAUTION,17.26,-33.43971491766657,0.0,94.229,-0.068,-0.008719999,-0.0116,877374976.0,8.11,46600000.0,0.0,-98000000.0,19.28235,17.26,Consumer Defensive,50.86958540861227,0.012462855665916095,0.0035464667542960014,-1.4840195324687993,17.543549461364748,20.041352767944336,17.513526836429172,-1.6162592017502369,-13.87806786930674,18.14631154745454,16.854688666168503,0.31380023425241116,0.3735715321132115,25.18133464811966,13.251061482439466,1.284509896563085,0.020837239554332317
SJM,42.9,CAUTION,99.15,-5.387387648427034,0.0,131.357,0.026,-0.13608,-0.17438,322062496.0,4.44,62800000.0,0.0,-1193799936.0,116.13333,99.15,Consumer Defensive,41.47466021062757,-1.1877739278164938,-1.105608904793015,-4.910324428909399,102.85990447998047,106.195541305542,101.0750605209739,-3.606753256147171,-6.634496790587388,104.15577860988822,97.68422154269967,0.2264957208846827,1.9007154192243303,29.577838096554494,-4.3314177888326615,1.0016027080090142,-0.1759748475806346
MCD,71.4,TRUSTED,316.22,28.50731551476486,26.958227,0.0,0.03,0.3204,0.0,4394500096.0,2.35,2412999936.0,0.0,8415000064.0,331.2,316.22,Consumer Cyclical,71.16326629254496,3.5881374753412842,3.106218700030947,4.335052767660283,306.08488037109373,303.00014434814454,312.10139270527725,3.311212509850761,4.362986988339213,321.9084180581052,300.60318167334015,0.7330038148992444,5.044285365513393,18.489936099372553,-34.07460574174148,0.7169316660264131,0.2350601363300965
SBUX,57.1,CAUTION,86.17,22.159383504979136,52.86503,0.0,0.055,0.04992,0.0,1924950016.0,2.88,3467000064.0,0.0,1856400000.0,94.12903,86.17,Consumer Cyclical,52.692950290772544,0.7117254929736418,0.45977209464900676,3.395730688037028,84.3321159362793,86.79301567077637,85.54467807510558,2.1793384551796477,-0.7178198579875253,88.86734685729944,82.0966530816654,0.6016141361966216,2.1971435546875,34.286838040135606,-25.90338531761126,0.7046875815166301,0.08454488848350275
YUM,71.4,TRUSTED,155.27,23.406798184245126,30.326174,0.0,0.084,0.17951,0.0,1227624960.0,1.83,1045000000.0,0.0,1447000064.0,165.56,155.27,Consumer Cyclical,64.10918548778821,1.739095528252676,0.9743597977955295,3.260059960351157,147.1450830078125,146.4459563446045,150.28873062621255,5.521707622548999,6.02546369193863,157.9260703539497,141.7184349561089,0.836122542475097,3.269284929547991,24.82616306160266,8.909107664982699,1.2440829617050795,0.11460193639155741
CMG,85.7,TRUSTED,37.92,-34.10946915255455,33.55752,154.574,0.075,0.13036,0.44958,1142371328.0,0.0,1421273984.0,0.0,1536593024.0,43.18182,37.92,Consumer Cyclical,80.28846212627874,0.904673230715531,0.37096146589852347,21.577420710650326,35.30199981689453,44.59525001525879,35.34073062030847,7.416005794657231,-14.968526567357426,38.31426009750091,31.447739604952698,0.9425819920025772,0.9714290073939732,38.88756551116297,-23.988560272731146,0.9768718629988576,0.7268534739094084
DPZ,71.4,TRUSTED,427.89,-7.467533385465111,24.993574,0.0,0.031,0.12159,0.0,477574752.0,1.63,295352000.0,0.0,589505024.0,496.64517,427.89,Consumer Cyclical,53.540159082436475,5.619979539801363,4.996669461681687,6.693194307230835,414.4025537109375,444.13282333374025,424.4094722218034,3.2546761154633286,-3.6571961881541033,442.9310436004389,404.67539866030324,0.6068285092163953,8.983607034853419,26.936417774564852,4.217631417467785,1.0112271779251758,0.28424221924145926
QSR,71.4,TRUSTED,70.33,2.1817713440365436,24.939718,306.718,0.069,0.099530004,0.25245002,1322000000.0,3.53,1216999936.0,0.0,929000000.0,78.17241,70.33,Consumer Cyclical,43.682826159407284,0.3029618971866199,0.6065183654234718,0.5576199257001283,69.13460021972656,66.42530338287354,70.46385826911002,1.7290931133308731,5.878329867271484,73.12147172642962,69.23252912806258,0.28220336897050996,1.1190011160714286,23.420720714738362,191.59663441397515,3.3851341912850432,-0.13571999333738255
WEN,57.1,CAUTION,8.29,-46.06221063963788,8.819149,3785.266,-0.03,0.08427,1.0085,172385248.0,6.76,291408000.0,0.0,186091008.0,10.1875,8.29,Consumer Cyclical,44.318191054432546,-0.02572459045987152,-0.04216819778141366,6.7045929512103655,8.483678245544434,10.484278936386108,8.374786745851742,-2.2829517820660516,-20.9292311645558,8.721405669386629,7.970405892197844,0.4255581417767112,0.278571469443185,34.0702932047858,-35.917224882075885,0.7251750325282823,0.11451398430176304
JACK,42.9,CAUTION,19.45,-58.88848053583089,0.0,0.0,-0.066,-0.05509,0.0,46507376.0,9.05,51531000.0,0.0,-80719000.0,20.55556,19.45,Consumer Cyclical,50.138507301815416,0.6377217250220504,0.7235134713156429,12.039170962595753,17.754999980926513,20.990209975242614,19.151977248724663,9.546611004414597,-7.337750380390648,20.97333496478374,18.08266517254536,0.4730168745200404,0.9692858287266323,66.04263890852951,-32.691404415218415,0.5614691135174571,0.2725218945000073
NKE,42.9,CAUTION,57.22,-19.436369743624063,33.461987,80.099,0.006,0.05426,0.17950001,0.0,2.87,8344999936.0,0.0,2524000000.0,77.23529,57.22,Consumer Cyclical,29.72118777835169,-0.6496013208020344,0.07928457950012045,-7.015483719551745,64.60184257507325,66.3772574043274,64.04410414076357,-11.426673079474087,-13.795773645548772,70.07554588070074,58.97396126041254,-0.15799186329706844,2.1614281790597096,41.714461525228785,91.64716510079043,2.373980046579842,-0.055543772543723946
LULU,100.0,TRUSTED,212.37,-26.566393141100736,14.768428,39.156,0.071,0.15720001,0.41017,884945152.0,0.0,1035862016.0,0.0,1740715008.0,207.11208,212.37,Consumer Cyclical,75.7607100099994,10.06399807299124,7.675427349381499,25.166498148791494,178.72619903564453,226.89319931030275,194.66253692951594,18.82421058752174,-6.400898853408596,219.12669497317665,164.55030087643274,0.8761973932537206,9.36785888671875,49.65262864129825,-26.89604665268731,1.2928259580453065,1.1014316217953053
UAA,28.6,RISKY,4.55,-34.90700788288934,0.0,102.377,-0.047,-0.01736,-0.045640003,-455937760.0,0.0,395991008.0,0.0,-87649000.0,6.07368,4.55,Consumer Cyclical,49.47369689096936,-0.024644950212214134,-0.048244459137999136,3.409093002642436,4.56020004272461,5.666700012683869,4.462366912161627,-0.2236711524534834,-19.706351482335005,4.699535986806004,4.244464066599758,0.6714018390689348,0.15071422713143484,49.62103635534556,87.34546786020563,1.59171615013958,-0.15535247028378166
VFC,28.6,RISKY,18.65,43.47630554028092,77.708336,391.86,0.016,0.00947,0.063930005,1611895808.0,1.93,419115008.0,0.0,92199000.0,16.94737,18.65,Consumer Cyclical,58.33326305722318,0.8168316471425499,0.9469207751002254,14.495021360445634,16.160985164642334,13.949611549377442,18.094137879208436,15.401378248483933,33.69547641176148,20.127601312005943,16.555954481756267,0.5862968082506697,0.7764137255990295,70.17741789141384,-2.573510779553817,0.76980747987027,0.5836555724194041
RL,100.0,TRUSTED,367.3,103.26477472040443,27.167158,111.231,0.165,0.112840004,0.34005,512962496.0,0.99,1645500032.0,0.0,854300032.0,374.3625,367.3,Consumer Cyclical,58.569905279535845,7.806075698756729,8.695377122959236,4.948847437837593,341.83640258789063,287.3189440917969,360.01484550729776,7.449056043272365,27.83702409668412,376.5220916545722,350.72491151925595,0.6425150418289935,10.187142508370536,39.97782152859496,-39.388922144249015,0.6100312258051284,0.11206120868693667
PVH,57.1,CAUTION,69.4,-36.09065850026719,10.611621,87.313,0.017,0.03865,0.06704,336700000.0,0.22,158200000.0,0.0,340800000.0,98.16667,69.4,Consumer Cyclical,24.140265603730427,-2.3691471607622816,-1.4639477629168538,-10.824340833787396,78.67363403320313,75.8290940284729,75.32307712469074,-11.78747190375166,-8.478398146468615,88.49849741134953,66.61809499587703,0.12714147012372495,3.195000239780971,53.715321744389165,-27.394173583194377,0.6269066200360172,-1.0095037561855762
TPR,57.1,CAUTION,128.97,205.662389399973,97.704544,1051.139,0.131,0.03765,0.16053,867637504.0,1.24,743200000.0,0.0,271400000.0,125.16667,128.97,Consumer Cyclical,91.1848732319556,4.857992240129576,3.788535870639445,22.452377394277846,112.17367965698242,94.81043199539185,118.67183080680148,14.973496113422001,36.02933612513395,131.27636745442143,103.07211734782467,0.9182262877048142,3.632845680887449,43.48112937997837,-19.730044780207532,0.5831681066119133,0.9913231559166396
BA,42.9,CAUTION,216.84,17.905494906297548,0.0,0.0,0.304,-0.12197,0.0,-4762874880.0,0.0,22275000320.0,0.0,-10167000064.0,244.54167,216.84,Industrials,66.68605488183113,3.7549119985019104,1.5487007336110978,21.058509518172546,202.3092010498047,203.46380027770996,203.5171435547688,7.182468821330929,6.574238779538839,220.64706139518614,179.73294043586856,0.90694985085758,4.787855965750558,37.82375315558436,-40.881326825545166,0.6509626415966107,0.757025266038103
LMT,71.4,TRUSTED,483.57,9.418341661437648,26.95485,358.987,0.088,0.05726,0.62776,4426500096.0,2.85,3470000128.0,0.0,4200000000.0,523.9474,483.57,Industrials,79.68994556229866,3.852522411137784,1.2238962401488966,8.02141173705246,470.7834112548828,459.3045993041992,469.04573046591395,2.716025196226221,5.283075339715568,491.9914143648215,432.9706156644754,0.8573145869584217,10.190000261579241,26.400978869823984,-24.39922820557797,0.7240013355841165,0.46836798389114764
RTX,57.1,CAUTION,185.68,87.93420099978503,38.205757,61.315,0.119,0.07666,0.10702,4316125184.0,1.46,5966000128.0,0.0,6592000000.0,195.95,185.68,Industrials,80.33787641693694,2.6511789329159967,1.61856191874841,7.199345002343745,173.2372332763672,150.55413188934327,176.77850593234095,7.182497182672037,23.33105066306341,184.95728480705566,165.10371372810062,1.0364019080422096,3.821429661342076,27.27774376861913,-38.50434565122241,0.6308566516970509,0.37583541969221884
NOC,71.4,TRUSTED,584.66,38.809892977029655,21.053654,109.401,0.043,0.09819999,0.26152,2280375040.0,1.58,1956999936.0,0.0,4019000064.0,662.6771,584.66,Industrials,72.22550548913438,0.7718338775634948,-2.410567066744939,3.796177805613557,572.9033557128906,538.0374952697754,565.0185406275133,2.0521118116006334,8.665284164141585,581.8004211369155,540.5614807185532,1.069341064018767,10.743565150669642,27.366094943751957,-25.91342977239818,0.5916668163609908,0.1280841202602068
GD,85.7,TRUSTED,345.19,24.574356871086326,22.371355,40.419,0.106,0.081829995,0.17782,3506500096.0,1.74,2520000000.0,0.0,4215000064.0,381.856,345.19,Industrials,61.10190638796561,-0.09701376646307835,-0.5745184340451808,2.087953584906069,340.8023999023437,304.6946368408203,339.5835068906389,1.287432993523457,13.290475349502687,344.8536695208502,332.5563310895013,1.0273500580986425,5.962860107421875,21.24537183059788,-5.065513108674686,0.8934322136885087,0.02324630107060399
TXT,71.4,TRUSTED,90.88,3.168282938881148,19.886213,55.332,0.051,0.05809,0.11465,727500032.0,0.09,1446000000.0,0.0,828000000.0,92.92857,90.88,Industrials,80.62148557153324,1.9622082130472194,1.3994073301006458,10.330054966709227,82.70819442749024,78.45434507369995,85.78601882841255,9.880281975073094,15.838067564065911,90.42094828527253,79.92303517420014,1.043727640273691,1.7490929475338288,27.635894274887097,-5.99036457218503,0.9735221614401744,0.48384970442183534
HWM,85.7,TRUSTED,208.17,162.43478737597223,58.47472,65.176,0.138,0.18181999,0.30064,910000000.0,0.21,663000000.0,0.0,1448000000.0,233.696,208.17,Industrials,63.16604108907851,0.3738069396018773,-0.7844791220035464,4.022588071243876,199.19997161865234,173.6688561630249,198.398273535174,4.503026018229137,19.866050118700493,207.77131711071473,187.6706811803009,1.019834250996375,5.85785893031529,34.14454537184122,-19.382688267249375,0.7116417098233586,-0.04794472981143919
GE,85.7,TRUSTED,314.73,95.86585306214155,42.02003,115.246,0.238,0.18344,0.42131,5170500096.0,0.46,13109000192.0,0.0,8054000128.0,344.70587,314.73,Industrials,68.7693834316096,1.8557081945049845,-0.9424489816161413,7.032825727549263,300.04820129394534,258.22539672851565,297.68345900912607,4.893150376862149,21.881896580923215,310.4297764750035,278.0172266988246,1.1326718984164894,8.121431623186384,30.493800082254808,25.227304518114423,1.268768218298771,0.22966284027040473
CAT,85.7,TRUSTED,582.41,79.91287253413476,29.943956,201.046,0.095,0.14339,0.46283,6289375232.0,1.04,6632999936.0,0.0,9272999936.0,591.9904,582.41,Industrials,49.97931117798323,6.072494208005992,10.569792334749051,4.076125545700784,562.8030603027344,425.8011866760254,581.0440098942477,3.4837964156147683,36.77979098439268,621.370428231204,550.1085573644991,0.45327768394478235,18.198551722935267,32.04879979751185,-20.07959472541788,0.811030921230306,0.1032857416199419
DE,85.7,TRUSTED,468.77,31.923705317689816,25.311554,248.418,0.126,0.11017,0.20427999,2737125120.0,1.38,6904000000.0,0.0,5026999808.0,526.913,468.77,Industrials,49.757773728136996,0.5068163590025847,1.3946685269223553,-3.7887694839007455,471.34919982910156,481.89578521728515,475.554995264218,-0.5471974528364197,-2.7237831511007924,495.2203934455804,457.2426009391852,0.30352970285320163,10.895002092633929,27.7443508098626,-37.039127112488764,0.8473324761411117,-0.03209252093457734
EMR,71.4,TRUSTED,134.99,21.376333664761567,33.41337,67.785,0.051,0.12728,0.09363,2741250048.0,1.64,1544000000.0,0.0,2284999936.0,151.2057,134.99,Industrials,56.39985590644088,0.6946738145225027,1.0100213546221708,4.95258172741552,132.19897079467773,125.70278270721435,133.82234808001186,2.1112378422530758,7.388239612468575,139.80419407523462,128.5958043988865,0.5704834752284332,2.9785733904157365,30.17646098322601,-21.20607004489954,0.6511079110029573,0.13092352445063035
HON,85.7,TRUSTED,195.96,-0.08518721606698655,20.670887,215.247,0.07,0.1507,0.34616002,5684125184.0,2.34,13358999552.0,0.0,6128999936.0,237.39833,195.96,Industrials,56.680958016228146,1.0006733214510746,0.25606465970464043,3.86939622074435,194.90072875976563,200.30299308776856,195.14129189265378,0.5434961484455119,-2.1682084261209034,200.34321641614756,186.93078565904776,0.6731979622739048,3.0142854963030135,24.867770826562708,-1.0947663508709926,0.9503450482991328,0.24641872145926413
ITW,71.4,TRUSTED,251.57,7.9223775939965755,24.400581,278.654,0.023,0.19052,0.91683,2440999936.0,2.56,924000000.0,0.0,3025999872.0,258.9681,251.57,Industrials,55.117111507308266,1.3625538554825312,1.4312541494508564,3.727377475125588,247.96700103759767,249.0238067626953,250.74962132421322,1.4530184546913885,1.0224727485391887,258.4814292749717,242.76557237297754,0.5602262101358305,4.012143816266741,22.663256417028574,-37.31438268985999,0.7082273097170299,0.15269878701812306
PH,71.4,TRUSTED,886.47,70.3496922981107,31.546974,74.953,0.037,0.18178,0.27294,3098715904.0,0.81,473000000.0,0.0,3640999936.0,924.90546,886.47,Industrials,60.30699018273072,15.379327796658913,18.424447414869174,5.529624305596325,820.5930554199218,714.271819152832,866.2793934258667,8.027964025297777,24.108210198538988,899.6356613589478,842.3043288754272,0.7703578464776276,16.27927507672991,31.869710089299307,-40.32893212879314,0.5520359611997582,0.17755670804999432
CMI,71.4,TRUSTED,519.28,91.21701180446331,26.947588,62.949,-0.016,0.079450004,0.22767,1640249984.0,1.54,3159000064.0,0.0,2668000000.0,531.62683,519.28,Industrials,58.26823659506736,12.176390351651094,14.526603069077114,6.931352604532854,466.5571606445312,375.9137461853027,501.4557311810759,11.300409274505425,38.138079430833415,526.8471375907745,485.5708647285615,0.816671715511723,13.540716988699776,31.487864577019742,-16.904739191340017,0.9391277268183555,0.19937986738648047
ETN,85.7,TRUSTED,320.39,-0.9714400576445302,32.039,59.661,0.101,0.14741,0.20653,2315500032.0,1.3,565000000.0,0.0,3926000128.0,404.0624,320.39,Industrials,41.016968293610184,-9.212022894007589,-7.838599215114796,-3.038458448048632,355.0686004638672,338.02784103393554,334.4408011276467,-9.766728392802138,-5.217862035135542,356.2250430195048,313.1429592998311,0.16821506117859827,9.9278564453125,37.52172236594626,-37.17635549258368,0.72287512119671,-0.29590015969298167
ROK,85.7,TRUSTED,398.6,49.12903433901493,52.104576,98.275,0.138,0.104169995,0.20282,1287250048.0,1.38,468000000.0,0.0,867000000.0,400.23077,398.6,Industrials,55.988988380301,5.561107016876804,7.709331933938796,3.7021648846418542,377.6565795898438,326.3439585113525,394.9532046961412,5.545627335929799,22.14107101040436,412.99184928882926,383.4961450959364,0.5120698563019415,8.766431535993304,32.93027565981909,-38.912507188502694,0.6272842950000044,0.10240450566969357
UPS,71.4,TRUSTED,100.73,-20.16349268929819,15.56878,184.32,-0.037,0.061490003,0.33618,3183124992.0,6.51,6832000000.0,0.0,5502000128.0,103.82759,100.73,Industrials,65.65351024264274,2.400649444669824,2.2454918411892355,7.66353782111793,93.27558822631836,92.77292980194092,98.27567919008936,7.991817872569487,8.576934642443732,103.63128015491989,92.13172109630082,0.7477053873807663,2.0614286150251115,32.73283150214328,-12.765746520671307,0.8077608290024351,0.44748758289025564
FDX,85.7,TRUSTED,292.78,1.0429301708694705,16.211517,0.0,0.139,0.04814,0.15886,4643375104.0,1.98,0.0,0.0,4330999808.0,300.10715,292.78,Industrials,87.77325290649216,7.655519313546392,7.048359171969892,10.2257430902499,261.43851806640623,233.7636930847168,278.2157014904064,11.98808842120571,25.246138489603837,292.46769966671275,263.02784171512315,1.0106080373450737,6.413155944380159,32.71864686152338,33.56892039990159,1.2324051567034524,0.4036800887826825
DAL,85.7,TRUSTED,72.06,63.137324912185676,10.16361,117.299,0.064,0.07357,0.28514,2057874944.0,1.04,3791000064.0,0.0,4629000192.0,74.6125,72.06,Industrials,78.1301017749835,2.899590319603476,2.7376884519574607,18.773693313672375,62.35912773132324,53.88675298690796,67.68405924042384,15.556455294030233,33.72488332355276,74.24151830668669,61.02248010639925,0.8349712955632808,1.791426522391183,50.930775180695555,-40.336804183162386,0.5182307868627002,0.7812291487748457
UAL,57.1,CAUTION,116.02,154.20683950822834,11.625251,218.897,0.026,0.05643,0.25588,2282625024.0,0.0,13329000448.0,0.0,3294000128.0,125.26087,116.02,Industrials,71.11755075510484,4.198951776932688,3.3200091095113673,21.33444186416694,100.34279968261718,88.50615016937256,107.04771002669395,15.623639174944259,31.086931722870236,116.79083588932626,96.03116270686515,0.9628684305631988,3.4257164001464844,57.03903221963306,-32.63965859533923,0.5388357771193792,0.7716708351373747
LUV,28.6,RISKY,42.24,61.163996601179115,67.04762,67.618,0.012,0.0137600005,0.04168,-13625000.0,1.7,3017999872.0,0.0,379000000.0,37.93043,42.24,Industrials,85.13933095160766,2.2996757802451526,2.0600244082743364,26.92308662205794,34.60020011901855,32.18840947151184,38.671678464400735,22.0802236205822,31.227365290761135,44.31912647752184,32.07987407179457,0.8301264872940987,1.3471429007393974,42.73041494271969,-35.81106054046062,0.6761245875651138,1.2991351019097765
AAL,57.1,CAUTION,16.26,51.53775110610228,18.689655,0.0,0.003,0.011089999,0.0,422500000.0,0.0,7386999808.0,0.0,602000000.0,15.87391,16.26,Industrials,76.71957792098027,0.7245440559063248,0.6364639919663722,24.122135537354694,13.563199996948242,12.01524998664856,14.881592142061491,19.883215115462292,35.32802269574147,16.477685049406766,13.110315057404758,0.9353546473829835,0.5071429525102887,54.80813449564438,6.054002780988873,1.0460295570857527,0.9293544988369115
JBLU,14.3,RISKY,4.96,-15.932204748699952,0.0,415.11,-0.018,-0.051570002,-0.19088,-1105624960.0,0.0,2620999936.0,0.0,-469000000.0,4.36786,4.96,Industrials,65.38459986626569,0.1184367911959594,0.11608734255689059,17.814726679435182,4.527599992752076,4.683200007677078,4.7410994326470695,9.550314649860779,5.91048919576661,5.186982581258255,4.285017397760909,0.7483466687359662,0.2278571469443185,68.11936748112653,-31.92876213385319,0.5294894690942312,0.6213803384177943
ALK,57.1,CAUTION,53.48,41.07095809880558,44.198345,160.611,0.226,0.01061,0.03526,132250000.0,0.0,2272000000.0,0.0,150000000.0,65.86667,53.48,Industrials,82.9878162245648,2.465537218668679,1.9885408915335474,32.80357321656274,45.286199798583986,50.37655002593994,49.024608930091,18.093370121792702,6.16050427172634,57.10818936972542,39.066810248804856,0.7988962039336621,2.073570796421596,51.73085711043771,-39.51757370401744,0.6786941944890666,1.485215542986591
XOM,57.1,CAUTION,118.15,9.922275105426296,17.172966,15.672,-0.051,0.091809995,0.11424,17292750848.0,3.49,13813999616.0,0.0,29952999424.0,131.56,118.15,Energy,57.75042715191922,0.438767188815234,0.5737910888210916,1.879796742458432,115.53540924072266,109.76665107727051,117.04336254289285,2.2630224814529725,7.637429370699227,119.9241954984298,113.87780569175574,0.7065697003867466,2.2178573608398438,23.4700069943881,-29.28421882549198,0.732629033593591,0.09955098178957072
CVX,57.1,CAUTION,149.8,3.1272432684089897,21.039326,21.239,-0.014,0.06767,0.07316,15743875072.0,4.57,7727000064.0,0.0,12768000000.0,172.33333,149.8,Energy,48.87893092639209,-0.8838012356137313,-0.8163102253370563,0.03339101953777129,151.43365142822265,147.61244148254394,149.83877719383773,-1.0787882092634866,1.481962866573521,152.88355568752252,146.735446082497,0.4984551620153001,2.373572213309152,24.328371099276783,-15.545818320843047,0.9172870416887925,-0.07185546726781293
COP,100.0,TRUSTED,93.31,-14.101486194028222,13.1793785,36.169,0.14,0.14445,0.15421,6092499968.0,3.6,6256000000.0,0.0,8824000512.0,112.37107,93.31,Energy,58.46671108038787,1.1400209464340492,1.3085913188768536,6.5669257198781805,89.30212661743164,90.97867088317871,92.26890587963493,4.487990480150312,2.562498058922608,98.14658719165143,85.95941332714739,0.6031409999700937,2.5828563145228793,33.81597154369835,-36.71557641471539,0.6331416136696183,0.3785658311511075
SLB,85.7,TRUSTED,38.33,-13.282834635258562,14.914398,47.459,-0.025,0.10341,0.15182,2153999872.0,2.97,3584999936.0,0.0,3644999936.0,45.98552,38.33,Energy,62.451705367671124,0.6800320139575291,0.7838652740717831,8.184878506029317,36.19834259033203,35.126868171691896,37.85317610229298,5.888831057397598,9.118756741155018,40.701488063890444,34.772836734693534,0.5999956649235103,1.064643042428153,36.39085734978446,-46.63562884256386,0.528384243300501,0.4785937396449457
EOG,85.7,TRUSTED,103.42,-15.333289986468158,10.270109,26.835,-0.024,0.24410999,0.18476999,2926749952.0,3.95,3529999872.0,0.0,5529999872.0,136.20097,103.42,Energy,38.64734255003642,-1.3568497535297155,-0.5407570707830663,-2.974010955865322,107.19911163330079,113.4335131072998,106.50163562181505,-3.5253216251295085,-8.827651250545717,114.3273620727918,100.68163756099727,0.2006753548029764,2.6900008065359935,28.76758514543336,-26.85061702886981,0.8036378756225663,-0.2596778289257006
MPC,71.4,TRUSTED,164.77,3.608090329216534,17.54739,143.175,-0.008,0.02158,0.18887,1757750016.0,2.43,2654000128.0,0.0,2879000064.0,200.66667,164.77,Energy,8.720102621280915,-5.820376493103993,-3.0351418056862656,-13.361020812867128,188.6313555908203,167.78048683166503,182.21099276576533,-12.649726893825372,-1.7942983812083726,204.17039285564388,166.54660543537173,-0.047220157371863615,4.900712149483817,34.568911025238556,-16.933899048030522,0.8208783228099963,-0.7182949742512703
PSX,42.9,CAUTION,128.99,-0.5690321902236226,34.768196,77.483,-0.029,0.011410001,0.056199998,162437504.0,3.72,1844999936.0,0.0,1496999936.0,148.85,128.99,Energy,31.66666992709041,-1.2911103300473599,0.22412049092051659,-3.1606543179681985,135.12537338256837,123.185791015625,135.44747858240262,-4.540500230133529,4.71175646938278,146.35501803056786,127.15698453290872,0.09547962089340266,3.678572518484933,35.66583276011571,-40.67285614455426,0.49193083764328804,-0.18038828310052885
VLO,42.9,CAUTION,163.55,16.689795425126214,34.00208,39.561,-0.032,0.01283,0.052389998,3453750016.0,2.76,4764000256.0,0.0,1491000064.0,184.94444,163.55,Energy,17.798797796068797,-2.673204866140509,-1.107270318724044,-6.2051914712493845,170.4915399169922,144.51794273376464,169.34110824761,-4.071484642941247,13.169340746189981,183.51740672198414,159.66559498700022,0.16285589153214114,4.480004446847098,37.35809367285852,-4.987655327919689,0.911108787914418,-0.49378926475411683
OXY,57.1,CAUTION,40.27,-32.468163396695886,29.610294,62.221,-0.077,0.08169,0.05955,3033125120.0,2.38,2159000064.0,0.0,1460000000.0,49.91667,40.27,Energy,41.678268491462816,-0.478130476251323,-0.3338344529074769,-2.2351953293110056,41.176995544433595,42.918131771087644,40.80904501348279,-2.202674271587386,-6.170192419950396,42.98139466750672,39.19429998886535,0.2840437222140509,0.9604312307321783,36.459123702518134,12.033721005854218,0.9055736786712603,-0.2640754765960188
NEE,71.4,TRUSTED,80.04,11.951844606485809,25.409523,144.161,0.053,0.24729,0.08236,-13650499584.0,2.83,2391000064.0,0.0,6503000064.0,91.04762,80.04,Utilities,30.32926101222489,-0.7860351208657903,-0.4437591723724809,-4.974477352981537,82.98954711914062,73.80601289749146,81.75057232971726,-3.554117724463399,8.446450056439467,86.79828983940746,78.1617107709441,0.2174808022590634,1.6557137625558036,27.956090015706568,-32.97870441776952,0.6386431999706699,-0.38412601722216816
DUK,57.1,CAUTION,116.3,17.546809407925075,18.31496,170.344,0.048,0.15972,0.09905,-1939250048.0,3.66,688000000.0,0.0,4921999872.0,135.76471,116.3,Utilities,38.13858032633893,-1.6629445115679857,-1.797122049752869,-4.7423977883566275,121.81782348632812,118.76407829284668,117.75421672078848,-4.52956741193918,-2.0747647575835044,124.03824936884311,111.78675139409634,0.3683836594483669,1.703570774623326,16.96246861602855,-32.34115165828741,0.7182544221360913,-0.33362953850648186
SO,71.4,TRUSTED,85.72,12.775084532442518,21.323383,192.679,0.075,0.15422,0.11429,-2364624896.0,3.45,3340999936.0,0.0,4458999808.0,96.725,85.72,Utilities,35.73884152564203,-1.3186451258723793,-1.4893913321655845,-3.836659403592577,90.69343032836915,90.28339126586914,86.99890192712893,-5.483781007796239,-5.0545177592272905,91.11160229907281,82.95739870800728,0.3387948904933891,1.5071422031947546,17.68374107578198,-23.744423038114938,0.9571066850465959,-0.29348834567590254
D,71.4,TRUSTED,57.22,18.839628517017694,18.699347,154.315,0.149,0.16790001,0.09204,-9946749952.0,4.67,971000000.0,0.0,2609999872.0,63.73333,57.22,Utilities,33.832247372980305,-0.29550979212082495,-0.21269806855295412,-6.061740350443865,59.778379669189455,56.716150550842286,59.34304995000573,-4.279772156161254,0.8883724740965447,62.04522423411571,57.054374459731946,0.033186084225832975,1.1429929994389043,22.60159853074719,147.1810548285251,3.5076784785794786,-0.2014547443458443
AEP,71.4,TRUSTED,114.62,33.04224868420902,16.781845,152.132,0.109,0.17228001,0.12923001,-4280337408.0,3.32,1293100032.0,0.0,3662099968.0,128.97221,114.62,Utilities,29.140274492421014,-1.3255818885846509,-1.0284777138465553,-6.079972233105132,118.41234466552734,108.64988815307618,116.60111696275128,-3.202657568902402,5.494818904088144,123.78256817451165,110.97543277153326,0.2845733929073005,1.729287828717913,19.459856610397047,-14.716875087817902,0.8686850876299106,-0.4093673734341789
AMC,28.6,RISKY,1.7,-67.43294888259784,0.0,0.0,-0.036,-0.13161999,0.0,-71462496.0,0.0,365800000.0,0.0,-640600000.0,3.21,1.7,Communication Services,12.499992549416746,-0.17308656167248682,-0.12934680871350565,-22.72727223467237,2.382999997138977,2.822600005865097,2.072236141576964,-28.661349151291187,-39.771840000309076,2.595619108964838,1.6823808643322806,0.019293085298376107,0.09285711390631539,54.841592491863366,60.90728517013269,2.2818405568824973,-1.54453448437794
GME,71.4,TRUSTED,21.74,-14.97848940373462,24.704546,82.812,-0.046,0.11076,0.083459996,198250000.0,0.0,8829599744.0,0.0,421800000.0,0.0,21.74,Consumer Cyclical,41.46730768177761,0.052056152590015614,0.05497956616946611,6.100536915388096,22.191800003051757,24.333749980926513,22.22220809886187,-2.0358881743322415,-10.659064927688515,23.885763056098646,20.74923717278319,0.31587898050045465,0.8185712269374302,56.18470991748509,-5.189743770341218,0.6533344496431044,0.11646690228573821
PTON,42.9,CAUTION,6.17,77.80979680484752,0.0,0.0,-0.06,-0.04239,0.0,402037504.0,0.0,1103600000.0,0.0,-104100000.0,10.42812,6.17,Consumer Cyclical,42.70834057695307,-0.23511632075333555,-0.22378110963949804,-6.515149008362929,7.006599969863892,6.985449995994568,6.5042650232877035,-11.940169228559485,-11.673548879001332,6.96352677747768,6.034473129062237,0.1458763414393323,0.2807856968470982,73.39479155440216,-37.55855028974561,0.35120964064710536,-0.4461066743171299
RIVN,57.1,CAUTION,21.75,29.773267917497385,0.0,102.282,0.783,-0.61337,-0.64919,4000000.0,0.0,7088000000.0,0.0,-3579000064.0,16.58333,21.75,Consumer Cyclical,69.61805676282552,1.3873616886890652,0.9996756602029844,43.37508167840141,15.703400001525878,13.881574993133546,18.224907716313133,38.50503711225965,56.682509086746514,21.538440270612128,14.269560007860774,1.0291048582093159,1.3710712705339705,64.65198301873009,-22.56668203858045,0.9772235918350339,1.3936483016403245
DKNG,28.6,RISKY,34.9,-6.05653144943088,0.0,260.362,0.044,-0.04902,-0.29591998,435323744.0,0.0,1228274944.0,0.0,-267567008.0,44.47059,34.9,Consumer Cyclical,57.49129398420955,0.6839476201988788,0.6876675626393176,18.546198684693962,32.441099967956546,37.81267505645752,33.904410742065984,7.579587499656674,-7.702902601388946,37.02880791609786,31.042191992349405,0.6444057181329873,1.3885721479143416,48.45166650616671,-28.310180440929717,0.7322111360355165,0.4862017529004266
CVNA,71.4,TRUSTED,433.59,233.71047828960621,98.99315,192.409,0.545,0.03444,0.6815,57250000.0,0.0,2628000000.0,0.0,629000000.0,446.21738,433.59,Consumer Cyclical,64.02882107314045,28.3551902854569,28.896478888837372,31.033546187834265,364.64480163574217,320.5416007232666,420.8880602451798,18.90749419513746,35.26793257397569,507.4683535342663,328.96064732022586,0.5861335134305545,22.462142944335938,73.42059297958473,-6.783495824591715,1.4121359292941553,1.558643651019956
W,57.1,CAUTION,103.64,87.58371040723982,0.0,0.0,0.081,-0.02655,0.0,404875008.0,0.0,1224999936.0,0.0,-325000000.0,113.0,103.64,Consumer Cyclical,53.37162871733918,0.4292976728012263,0.1779803282404122,-1.4828874561291672,97.6499998474121,65.43490002632142,100.00923206999614,6.134152126570719,58.38642581857524,113.1214312322844,88.66056873719803,0.6123835844079266,5.349573407854352,76.88437670576394,-46.296010603444124,0.35564609208507175,-0.4376942324436285
OPEN,28.6,RISKY,6.42,211.6504940935846,0.0,220.345,-0.336,-0.06718,-0.39330003,732124992.0,0.0,962000000.0,0.0,-317000000.0,2.98571,6.42,Real Estate,42.48021503217203,-0.30026614261656004,-0.23056486877679117,-16.514954115430182,7.281599988937378,3.8209199979901314,6.853786043161352,-11.832563089876189,68.02236319187458,8.060547730379195,5.955452254362015,0.2206777921592659,0.5201428617749896,165.40225099851193,-12.524885573178143,0.4735821676948834,-1.1288923383462477
CLOV,42.9,CAUTION,2.6,78.08218712787924,0.0,0.0,0.501,-0.03288,-0.16896999,-8741250.0,0.0,202840000.0,0.0,-57710000.0,3.23333,2.6,Healthcare,57.97099796722474,-0.020706090204856142,-0.03628479239453619,8.333325054910777,2.781499991416931,3.025550000667572,2.6079874065198267,-6.525259296941581,-14.065214454929132,2.7586595012420307,2.3903404758697855,0.5692332307593627,0.10607148919786726,67.23494997117186,-16.67430340855926,0.46578072706333234,0.4056555787019663
